<?xml version="1.0" encoding="UTF-8"?>
<metadata><dataqual><lineage><srcinfo><srcscale>Not Applicable</srcscale><typesrc>computer program</typesrc><srccitea>Napa County CDPD</srccitea><srccontr>Napa County CDPD provided all data and the parcel database for this coverage</srccontr><srccite><citeinfo><title>Napa County Zoning</title><pubdate>Unpublished Material</pubdate><origin>Napa County Conservation, Development and Planning Department</origin></citeinfo></srccite><srctime><srccurr>ground condition</srccurr></srctime></srcinfo><procstep><procdesc>Data was taken from a Microsoft Access database tracking zoning based on assessor parcel numbers.  Parcel field in database was joined with Assessment field in County's parcel layer and exported to a coverage.  The resulting coverage was checked and corrected for dropouts due to parcel number descrepancies between the two joined tables.  Topology was then edited and dissolved to create single polygons for each zoning district.</procdesc><procdate>20030101 </procdate></procstep><procstep><procdesc>Zoning updated for Lafco Resolution 05-13 annexing five parcels to the City of Napa</procdesc><procdate>20050906 </procdate></procstep><procstep><procdesc>Merged "City of Napa" polygons in south County along river to correct error</procdesc><procdate>20051018 </procdate></procstep><procstep><procdesc>Edited City of Napa boundary line at end of Cuttings Wharf Rd area to match parcel adjustments</procdesc><procdate>20051018 </procdate></procstep><procstep><procdesc>Zoning updated for Lafco Resolution 05-22 "Juanita Street City Annexation" annexing one parcel to the City of Napa</procdesc><procdate>20060301 </procdate></procstep><procstep><procdesc>Zoning updated to reflect BOS Ord. 1271 rezoning AW:AC to PL:AC</procdesc><procdate>20060208 </procdate></procstep><procstep><procdesc>Zoning updtated to reflect BOS Ord. 1279 rezoning 20.20 Ac. AW:AH to RC:AH</procdesc><procdate>20060830 </procdate></procstep><procstep><procdesc>Zoning edited to match recent parcel adjustments.</procdesc><procdate>20061127 </procdate></procstep><procstep><procdesc>Various routine data quality checks and adjustments</procdesc><procdate>20070111 </procdate></procstep><procstep><procdesc>Updated for Lafco Annexation to the City of Napa Res. No. 07-02</procdesc><procdate>20070613 </procdate></procstep><procstep><procdesc>Updated Zoning per Lafco Annexation Res 06-20</procdesc><procdate>20070621 </procdate></procstep><procstep><procdesc>Dataset copied.</procdesc><procdate>20070621 </procdate><srcused>Server=X; Service=sde:sqlserver:X; Database=X; User=X; Version=sde.DEFAULT</srcused></procstep><procstep><procdesc>Update Zoning to reflect City of Napa Annexation of Lafco Resolution L09-01 along west side of Big Ranch Rd.</procdesc><procdate>20090323 0.5hr</procdate></procstep><procstep><procdesc>Update Zoning to reflect City of Napa Annexation of Lafco Resolution L07-22 El Centro No. 9</procdesc><procdate>20090624 1.0</procdate></procstep><procstep><procdesc>Edit zoning layer to reflect Rezoning Ordinance 1320 approved by BOS action on 06/23/2009 which deletes the :AH overlay district from selected parcels and Ordinance 1319 approved by BOS on 06/19/2009 which rezoned Gordon property from AW to AP</procdesc><procdate>200907220 3.0hrs</procdate></procstep><procstep><procdesc>Update per Lafco City of Napa Annexation Resolution 08-16 Silverado Trail Reorganization.</procdesc><procdate>20090818 1.0</procdate></procstep><procstep><procdesc>Edited layer to reflect Zoning # 1326 adding the :SWP (Skyline Wilderness Park) zoning designation which was adopted by BOS action on 06/22/2009</procdesc><procdate>20100225 </procdate></procstep><procstep><procdesc>Edited layer to reflect Zoning # 1341 Rezoning Approx 22.3 Ac. in St. Helena Hospital area from RS:B-5 to PD which was adopted by BOS action on 05/18/2010</procdesc><procdate>20100524 </procdate></procstep><procstep><procdesc>Dataset copied.</procdesc><procdate>20110125 10051900</procdate><srcused>Server=X; Service=sde:sqlserver:X; Database=planning; User=X; Version=sde.DEFAULT</srcused></procstep><procstep><procdesc>Edited layer to reflect Lafco Resolution 10-05 (Trancas Crossing Park Reorganization) Adopted 02/01/2010</procdesc><procdate>20110324</procdate></procstep><procstep><procdesc>routine updates</procdesc><procdate>20131226</procdate></procstep></lineage><logic>Coverage was checked and corrected for dropouts due to parcel number discrepancies between the two joined tables.  Topology was then edited and dissolved to create single polygons for each zoning district.</logic><complete>Complete. Coverage covers the entire County of Napa</complete></dataqual><idinfo><native>Microsoft Windows 2000 Version 5.2 (Build 3790) Service Pack 2; ESRI ArcCatalog 9.3.1.3000</native><descript><abstract>Zoning designations of land use within the unincorporated areas of Napa County.</abstract><purpose>The unincorporated area of the county of Napa is divided into zoning districts, each of which is designated and identified by letter abbreviation.</purpose><supplinf>Napa County's policy for zoning is that zoning boundaries are parcel specific except where such run along designated roads.  In that case the lines should extend to the center of such rights of way. Subsequently the coverage was edited to bring zoning lines that were adjacent to designated roads to the centerline of such. Layer is found in planning database under boundary feature dataset.</supplinf></descript><citation><citeinfo><origin>Jeff Tangen (comp): Napa County Conservation, Development and Planning Department</origin><pubdate>20020806</pubdate><title>zoning</title><geoform>vector digital data</geoform><onlink>http://gis.napa.ca.gov/giscatalog/catalog.asp</onlink></citeinfo></citation><timeperd><current>publication date</current><timeinfo><sngdate><caldate>20020801</caldate></sngdate></timeinfo></timeperd><status><progress>Complete</progress><update>As needed</update></status><spdom><bounding><westbc>-122.649217</westbc><eastbc>-122.061226</eastbc><northbc>38.864947</northbc><southbc>38.153318</southbc></bounding></spdom><keywords><place><placekey>Napa</placekey><placekey>Napa County</placekey><placekt>Geographic Names Information System</placekt><placekey>California</placekey></place><theme><themekey>boundaries</themekey><themekey>planningCadastre</themekey><themekey>Zoning</themekey><themekey>Zoning District</themekey><themekey>Cities</themekey><themekey>City Limits</themekey><themekey>Planning</themekey><themekt>ISO 19115 Topic Category</themekt></theme></keywords><accconst>None.  Data is available from County of Napa by registering at website: http://gis.napa.ca.gov/giscatalog/catalog.asp.  This data is made available under the Public Domain Dedication and License version v1.0 whose full text can be found at: http://opendatacommons.org/licenses/pddl/1.0/</accconst><useconst>Data is for planning purposes only. Napa County assumes no liability for accuracy of data.  Zoning designations change periodically due to corrections and/or zoning ordinance amendments.  Refer to Napa County GIS data catalog for latest data coverage.
Disclaimer: This GIS data is intended to provide a visual display of data for the user's convenience. Users of this data are hereby notified that the appropriate public primary information sources should be consulted for verification of the information.  Although every reasonable effort has been made to assure the accuracy of this data, the County of Napa makes no warranty, representation or guaranty as to the content, sequence, accuracy, timeliness or completeness of any of the data provided herein and explicitly disclaims any representations and warranties, including, without limitation, the implied warranties of merchantability and fitness for a particular purpose. The County of Napa assumes no liability for any errors, omissions, or inaccuracies in the information provided regardless of how caused and assumes no liability for any decisions made or actions taken or not taken by the user of the data in reliance upon any information or data furnished hereunder. Because the GIS data provided is not warranted to be up-to-date, the user should check with the County staff for updated information.</useconst><datacred>Table data was joined and resulting coverages created and edited in joint effort by Napa County Planning Dept and Napa County GIS staff.</datacred><ptcontac><cntinfo><cntperp><cntper>Patrick Lowe</cntper><cntorg>Napa County Conservation Division</cntorg></cntperp><cntpos>Deputy Planning Director</cntpos><cntaddr><addrtype>physical address</addrtype><address>1195 Third St. Room 210</address><city>Napa</city><state>CA</state><postal>94559</postal><country>USA</country></cntaddr><cntvoice>(707) 253-5937</cntvoice><cntfax>(707) 299-4032</cntfax><cntemail>plowe@co.napa.ca.us</cntemail></cntinfo></ptcontac></idinfo><metainfo><metstdn>FGDC Content Standards for Digital Geospatial Metadata</metstdn><metstdv>FGDC-STD-001-1998</metstdv><mettc>local time</mettc><metc><cntinfo><cntorgp><cntorg>County of Napa ITS Department</cntorg><cntper>REQUIRED: The person responsible for the metadata information.</cntper></cntorgp><cntaddr><addrtype>mailing and physical address</addrtype><city>Napa</city><state>CA</state><postal>94559</postal><address>650 Imperial Way, Suite 201</address><country>USA</country></cntaddr><cntvoice>(707) 259-8141</cntvoice><cntpos>GIS Coordinator</cntpos><cntfax>(707) 253-4824</cntfax><cntemail>gisstaff@co.napa.ca.us</cntemail><hours>M-F 8:00 am - 5:00 pm</hours></cntinfo></metc><metd>20110614</metd><metrd>20040728</metrd></metainfo><distinfo><resdesc>Downloadable Data</resdesc><distrib><cntinfo><cntorgp><cntorg>County of Napa ITS Department</cntorg></cntorgp><cntpos>GIS Coordinator</cntpos><cntaddr><addrtype>mailing and physical address</addrtype><address>650 Imperial Way, Suite 201</address><city>Napa</city><state>CA</state><postal>94559</postal><country>USA</country></cntaddr><cntvoice>(707) 259-8141</cntvoice><cntfax>(707) 253-4824</cntfax><cntemail>gisstaff@co.napa.ca.us</cntemail><hours>M-F 8:00 am - 5:00 pm</hours></cntinfo></distrib><distliab>Disclaimer: This GIS data is intended to provide a visual display of data for the user's convenience. Users of this data are hereby notified that the appropriate public primary information sources should be consulted for verification of the information.  Although every reasonable effort has been made to assure the accuracy of this data, the County of Napa makes no warranty, representation or guaranty as to the content, sequence, accuracy, timeliness or completeness of any of the data provided herein and explicitly disclaims any representations and warranties, including, without limitation, the implied warranties of merchantability and fitness for a particular purpose. The County of Napa assumes no liability for any errors, omissions, or inaccuracies in the information provided regardless of how caused and assumes no liability for any decisions made or actions taken or not taken by the user of the data in reliance upon any information or data furnished hereunder. Because the GIS data provided is not warranted to be up-to-date, the user should check with the County staff for updated information.</distliab><stdorder><fees>none for digital form</fees><ordering>All available layers are located in the Data Catalog on the website http://gis.napa.ca.gov/gisdata.asp.
You can download the available layers by Registering, then returning to the site to download.</ordering></stdorder><custom>Go to website http://gis.napa.ca.gov/gisdata.asp to request CD by mail for an additional fee.</custom></distinfo><spdoinfo><direct>Vector</direct><ptvctinf><esriterm Name="zoning"><efeatyp Sync="TRUE">Simple</efeatyp><efeageom code="4" Sync="TRUE"></efeageom><esritopo Sync="TRUE">FALSE</esritopo><efeacnt Sync="TRUE">0</efeacnt><spindex Sync="TRUE">FALSE</spindex><linrefer Sync="TRUE">FALSE</linrefer></esriterm></ptvctinf></spdoinfo><spref><horizsys><planar><planci><plance>coordinate pair</plance><plandu>survey feet</plandu><coordrep><absres>0.000625</absres><ordres>0.000625</ordres></coordrep></planci></planar><geodetic><horizdn>North American Datum of 1983</horizdn><ellips>Geodetic Reference System 80</ellips><semiaxis>6378137.000000</semiaxis><denflat>298.257222</denflat></geodetic></horizsys><vertdef><altsys><altenc>Explicit elevation coordinate included with horizontal coordinates</altenc><altres>1.000000</altres></altsys></vertdef></spref><eainfo><detailed Name="zoning"><enttyp><enttypl>zoning</enttypl><enttypd>Napa County Zoning</enttypd><enttypds>Dataset developer</enttypds><enttypt Sync="TRUE">Feature Class</enttypt><enttypc Sync="TRUE">0</enttypc></enttyp><attr><attrlabl Sync="TRUE">FID</attrlabl><attalias Sync="TRUE">FID</attalias><attrtype Sync="TRUE">OID</attrtype><attwidth Sync="TRUE">4</attwidth><atprecis Sync="TRUE">0</atprecis><attscale Sync="TRUE">0</attscale><attrdef Sync="TRUE">Internal feature number.</attrdef><attrdefs Sync="TRUE">Esri</attrdefs><attrdomv><udom Sync="TRUE">Sequential unique whole numbers that are automatically generated.</udom></attrdomv></attr><attr><attrlabl>ZONING</attrlabl><attrdef>Zoning designation</attrdef><attrdefs>Napa County CDPD</attrdefs><attrdomv><edom><edomv>AP</edomv><edomvd>Agricultural Preserve</edomvd></edom><edom><edomv>AW</edomv><edomvd>Agricultural Watershed</edomvd></edom><edom><edomv>AV</edomv><edomvd>Airport</edomvd></edom><edom><edomv>GC</edomv><edomvd>General Commercial</edomvd></edom><edom><edomv>CL</edomv><edomvd>Commercial Limited</edomvd></edom><edom><edomv>CN</edomv><edomvd>Commercial Neighborhood</edomvd></edom><edom><edomv>I</edomv><edomvd>Industrial</edomvd></edom><edom><edomv>IP</edomv><edomvd>Industrial Park</edomvd></edom><edom><edomv>GI</edomv><edomvd>General Industrial</edomvd></edom><edom><edomv>PD</edomv><edomvd>Planned Development</edomvd></edom><edom><edomv>PL</edomv><edomvd>Public Lands</edomvd></edom><edom><edomv>RS</edomv><edomvd>Residential Single</edomvd></edom><edom><edomv>RD</edomv><edomvd>Residential Double</edomvd></edom><edom><edomv>RM</edomv><edomvd>Residential Multiple</edomvd></edom><edom><edomv>RC</edomv><edomvd>Residential Country</edomvd></edom><edom><edomv>:B</edomv><edomvd>Building Site</edomvd></edom><edom><edomv>:AC</edomv><edomvd>Airport Compatibility</edomvd></edom><edom><edomv>:FR</edomv><edomvd>Fire Risk</edomvd></edom><edom><edomv>:HR</edomv><edomvd>Historic Restaurant</edomvd></edom><edom><edomv>:RVP</edomv><edomvd>Recreational Vehicle Park</edomvd></edom><edom><edomv>:UR</edomv><edomvd>Urban Reserve</edomvd></edom></attrdomv><attalias Sync="TRUE">ZONING</attalias><attrtype Sync="TRUE">String</attrtype><attwidth Sync="TRUE">20</attwidth><atprecis Sync="TRUE">0</atprecis><attscale Sync="TRUE">0</attscale></attr><attr><attrlabl>ACRES</attrlabl><attrdef>number of acres in each parcel</attrdef><attalias Sync="TRUE">ACRES</attalias><attrtype Sync="TRUE">Double</attrtype><attwidth Sync="TRUE">19</attwidth><atprecis Sync="TRUE">0</atprecis><attscale Sync="TRUE">0</attscale></attr><attr><attrlabl>SHAPE</attrlabl><attrdef>Feature geometry.</attrdef><attrdefs>ESRI</attrdefs><attrdomv><udom>Coordinates defining the features.</udom></attrdomv><attalias Sync="TRUE">Shape</attalias><attrtype Sync="TRUE">Geometry</attrtype><attwidth Sync="TRUE">0</attwidth><atprecis Sync="TRUE">0</atprecis><attscale Sync="TRUE">0</attscale></attr><attr><attrlabl Sync="TRUE">SHAPE_STAr</attrlabl><attalias Sync="TRUE">SHAPE_STAr</attalias><attrtype Sync="TRUE">Double</attrtype><attwidth Sync="TRUE">19</attwidth><atprecis Sync="TRUE">0</atprecis><attscale Sync="TRUE">0</attscale></attr><attr><attrlabl Sync="TRUE">SHAPE_STLe</attrlabl><attalias Sync="TRUE">SHAPE_STLe</attalias><attrtype Sync="TRUE">Double</attrtype><attwidth Sync="TRUE">19</attwidth><atprecis Sync="TRUE">0</atprecis><attscale Sync="TRUE">0</attscale></attr></detailed></eainfo><mdLang><languageCode value="en"/><countryCode value="USA"/></mdLang><mdHrLv><ScopeCd value="005"/></mdHrLv><mdContact><rpOrgName>County of Napa ITS Department</rpOrgName><rpPosName>GIS Coordinator</rpPosName><rpCntInfo><cntPhone><voiceNum>(707) 259-8141</voiceNum><faxNum>(707) 253-4824</faxNum></cntPhone><cntAddress><delPoint>650 Imperial Way, Suite 201</delPoint><city>Napa</city><adminArea>CA</adminArea><postCode>94559</postCode><country>US</country><eMailAdd>gisstaff@co.napa.ca.us</eMailAdd></cntAddress><cntHours>M-F 8:00 am - 5:00 pm</cntHours></rpCntInfo><role><RoleCd value="007"/></role></mdContact><distInfo><distributor><distorCont><rpOrgName>County of Napa ITS Department</rpOrgName><rpPosName>GIS Coordinator</rpPosName><rpCntInfo><cntPhone><voiceNum>(707) 259-8141</voiceNum><faxNum>(707) 253-4824</faxNum></cntPhone><cntAddress><delPoint>650 Imperial Way, Suite 201</delPoint><city>Napa</city><adminArea>CA</adminArea><postCode>94559</postCode><country>US</country><eMailAdd>gisstaff@co.napa.ca.us</eMailAdd></cntAddress><cntHours>M-F 8:00 am - 5:00 pm</cntHours></rpCntInfo><role><RoleCd value="005"/></role></distorCont><distorOrdPrc><resFees>none for digital form</resFees><ordInstr>All available layers are located in the Data Catalog on the website http://gis.napa.ca.gov/gisdata.asp. You can download the available layers by Registering, then returning to the site to download.</ordInstr></distorOrdPrc><distorOrdPrc><ordInstr>Go to website http://gis.napa.ca.gov/gisdata.asp to request CD by mail for an additional fee.</ordInstr></distorOrdPrc><distorTran><onLineSrc><orDesc>002</orDesc><protocol>ArcSDE Connection</protocol></onLineSrc></distorTran><distorFormat><formatName>SDE Feature Class</formatName></distorFormat></distributor><distTranOps><onLineSrc><linkage>http://gis.napa.ca.gov/giscatalog/catalog.asp</linkage></onLineSrc><transSize Sync="TRUE">0.000</transSize></distTranOps><distFormat><formatName>SDE Feature Class</formatName></distFormat></distInfo><dataIdInfo><idCitation><resTitle>zoning</resTitle><date><pubDate>20020806</pubDate></date><citRespParty><rpOrgName>Jeff Tangen (comp): Napa County Conservation, Development and Planning Department</rpOrgName><role><RoleCd value="006"/></role></citRespParty><presForm><PresFormCd value="005"/></presForm></idCitation><idAbs>&lt;DIV STYLE="text-align:Left;"&gt;&lt;DIV&gt;&lt;DIV&gt;&lt;P&gt;&lt;SPAN&gt;Zoning designations of land use within the unincorporated areas of Napa County.&lt;/SPAN&gt;&lt;/P&gt;&lt;/DIV&gt;&lt;/DIV&gt;&lt;/DIV&gt;</idAbs><idPurp>The unincorporated area of the county of Napa is divided into zoning districts, each of which is designated and identified by letter abbreviation.</idPurp><idCredit>Table data was joined and resulting coverages created and edited in joint effort by Napa County Planning Dept and Napa County GIS staff.</idCredit><idStatus><ProgCd value="001"/></idStatus><idPoC><rpIndName>Patrick Lowe</rpIndName><rpOrgName>Napa County Conservation Division</rpOrgName><rpPosName>Deputy Planning Director</rpPosName><rpCntInfo><cntPhone><voiceNum>(707) 253-5937</voiceNum><faxNum>(707) 299-4032</faxNum></cntPhone><cntAddress><delPoint>1195 Third St. Room 210</delPoint><city>Napa</city><adminArea>CA</adminArea><postCode>94559</postCode><country>US</country><eMailAdd>plowe@co.napa.ca.us</eMailAdd></cntAddress></rpCntInfo><role><RoleCd value="007"/></role></idPoC><resMaint><maintFreq><MaintFreqCd value="009"/></maintFreq></resMaint><placeKeys><thesaName><resTitle>Geographic Names Information System</resTitle></thesaName><keyword>Napa County</keyword><keyword>California</keyword><keyword>Napa</keyword></placeKeys><themeKeys><thesaName><resTitle>ISO 19115 Topic Category</resTitle></thesaName><keyword>boundaries</keyword><keyword>planningCadastre</keyword></themeKeys><themeKeys><keyword>Zoning</keyword><keyword>Zoning District</keyword><keyword>Cities</keyword><keyword>City Limits</keyword><keyword>Planning</keyword></themeKeys><searchKeys><keyword>Napa County</keyword><keyword>Zoning</keyword><keyword>California</keyword><keyword>boundaries</keyword><keyword>planningCadastre</keyword><keyword>Zoning District</keyword><keyword>Cities</keyword><keyword>City Limits</keyword><keyword>Planning</keyword><keyword>Napa</keyword></searchKeys><resConst><LegConsts><accessConsts><RestrictCd value="008"/></accessConsts><othConsts>Access constraints: None. Data is available from County of Napa by registering at website: http://gis.napa.ca.gov/giscatalog/catalog.asp</othConsts></LegConsts></resConst><resConst><LegConsts><useConsts><RestrictCd value="008"/></useConsts><othConsts>Use constraints: Data is for planning purposes only. Napa County assumes no liability for accuracy of data. Zoning designations change periodically due to corrections and/or zoning ordinance amendments. Refer to Napa County GIS data catalog for latest data coverage. Disclaimer: This GIS data is intended to provide a visual display of data for the user's convenience. Users of this data are hereby notified that the appropriate public primary information sources should be consulted for verification of the information. Although every reasonable effort has been made to assure the accuracy of this data, the County of Napa makes no warranty, representation or guaranty as to the content, sequence, accuracy, timeliness or completeness of any of the data provided herein and explicitly disclaims any representations and warranties, including, without limitation, the implied warranties of merchantability and fitness for a particular purpose. The County of Napa assumes no liability for any errors, omissions, or inaccuracies in the information provided regardless of how caused and assumes no liability for any decisions made or actions taken or not taken by the user of the data in reliance upon any information or data furnished hereunder. Because the GIS data provided is not warranted to be up-to-date, the user should check with the County staff for updated information.</othConsts></LegConsts></resConst><resConst><Consts><useLimit>&lt;DIV STYLE="text-align:Left;"&gt;&lt;DIV&gt;&lt;P&gt;&lt;SPAN&gt;Disclaimer: This GIS data is intended to provide a visual display of data for the user's convenience. Users of this data are hereby notified that the appropriate public primary information sources should be consulted for verification of the information. Although every reasonable effort has been made to assure the accuracy of this data, the County of Napa makes no warranty, representation or guaranty as to the content, sequence, accuracy, timeliness or completeness of any of the data provided herein and explicitly disclaims any representations and warranties, including, without limitation, the implied warranties of merchantability and fitness for a particular purpose. The County of Napa assumes no liability for any errors, omissions, or inaccuracies in the information provided regardless of how caused and assumes no liability for any decisions made or actions taken or not taken by the user of the data in reliance upon any information or data furnished hereunder. Because the GIS data provided is not warranted to be up-to-date, the user should check with the County staff for updated information.&lt;/SPAN&gt;&lt;/P&gt;&lt;P&gt;&lt;SPAN /&gt;&lt;/P&gt;&lt;P STYLE="font-weight:bold;margin:0 0 0 0;"&gt;&lt;SPAN&gt;&lt;SPAN&gt;SPECIAL USAGE ADVISORY:&lt;/SPAN&gt;&lt;/SPAN&gt;&lt;/P&gt;&lt;P /&gt;&lt;P STYLE="margin:0 0 0 0;"&gt;&lt;SPAN&gt;&lt;SPAN&gt;This feature class is managed by the County of Napa Planning, Building, and Environmental Services Department (PBES). This layer is intended to be informational and used for reference only, as it has been designed to accommodate the Department’s unique data needs and internal workflows. &lt;/SPAN&gt;&lt;/SPAN&gt;&lt;/P&gt;&lt;P /&gt;&lt;P STYLE="margin:0 0 0 0;"&gt;&lt;SPAN&gt;&lt;SPAN&gt;While every attempt is made to keep this layer up-to-date and reasonably accurate, it is part of a larger library of geospatial data resources for which PBES has management responsibilities. The data may have been created or digitized from sources of varying accuracies and scales, which could lead to inaccurate or misleading results. Please contact PBES directly if you have any question regarding this layer’s status.&lt;/SPAN&gt;&lt;/SPAN&gt;&lt;/P&gt;&lt;P&gt;&lt;SPAN /&gt;&lt;/P&gt;&lt;/DIV&gt;&lt;/DIV&gt;</useLimit></Consts></resConst><dataLang><languageCode value="en" country="US"/><countryCode value="USA"/></dataLang><dataExt><exDesc>publication date</exDesc><tempEle><TempExtent><exTemp><TM_Instant><tmPosition>20020801</tmPosition></TM_Instant></exTemp></TempExtent></tempEle><geoEle><GeoBndBox esriExtentType="search"><westBL>-122.649217</westBL><eastBL>-122.061226</eastBL><northBL>38.864947</northBL><southBL>38.153318</southBL><exTypeCode>1</exTypeCode></GeoBndBox><GeoBndBox esriExtentType="search"><westBL>-122.649217</westBL><eastBL>-122.061226</eastBL><northBL>38.864947</northBL><southBL>38.153318</southBL><exTypeCode>1</exTypeCode></GeoBndBox></geoEle></dataExt><suppInfo>Napa County's policy for zoning is that zoning boundaries are parcel specific except where such run along designated roads. In that case the lines should extend to the center of such rights of way. Subsequently the coverage was edited to bring zoning lines that were adjacent to designated roads to the centerline of such. Layer is found in planning database under boundary feature dataset.</suppInfo><envirDesc>Microsoft Windows XP Version 5.1 (Build 2600) Service Pack 3; ESRI ArcGIS 10.0.2.3200</envirDesc><spatRpType><SpatRepTypCd value="001"/></spatRpType><geoBox esriExtentType="decdegrees"><westBL>-122.649217</westBL><eastBL>-122.061226</eastBL><northBL>38.864947</northBL><southBL>38.153318</southBL><exTypeCode>1</exTypeCode></geoBox><tpCat><TopicCatCd value="015"/></tpCat><tpCat><TopicCatCd value="003"/></tpCat></dataIdInfo><mdMaint><maintFreq><MaintFreqCd value="012"/></maintFreq><maintNote>Next metadata review date: 20040728</maintNote></mdMaint><dqInfo><dqScope><scpLvl><ScopeCd value="005"/></scpLvl></dqScope><report type="DQConcConsis"><measDesc>Coverage was checked and corrected for dropouts due to parcel number discrepancies between the two joined tables. Topology was then edited and dissolved to create single polygons for each zoning district.</measDesc></report><report type="DQCompOm"><measDesc>Complete. Coverage covers the entire County of Napa</measDesc></report><dataLineage><prcStep><stepDesc>Update Zoning to reflect City of Napa Annexation of Lafco Resolution L07-22 El Centro No. 9</stepDesc><stepDateTm>20090624</stepDateTm></prcStep><prcStep><stepDesc>Edit zoning layer to reflect Rezoning Ordinance 1320 approved by BOS action on 06/23/2009 which deletes the :AH overlay district from selected parcels and Ordinance 1319 approved by BOS on 06/19/2009 which rezoned Gordon property from AW to AP</stepDesc><stepDateTm>20090722</stepDateTm></prcStep><prcStep><stepDesc>Edited layer to reflect Zoning # 1326 adding the :SWP (Skyline Wilderness Park) zoning designation which was adopted by BOS action on 06/22/2009</stepDesc><stepDateTm>20100225</stepDateTm></prcStep><prcStep><stepDesc>Edited layer to reflect Lafco Resolution 10-05 (Trancas Crossing Park Reorganization) Adopted 02/01/2010</stepDesc><stepDateTm>20110324</stepDateTm></prcStep><prcStep><stepDesc>Zoning edited to match recent parcel adjustments.</stepDesc><stepDateTm>20061127</stepDateTm></prcStep><prcStep><stepDesc>Various routine data quality checks and adjustments</stepDesc><stepDateTm>20070111</stepDateTm></prcStep><prcStep><stepDesc>Data was taken from a Microsoft Access database tracking zoning based on assessor parcel numbers. Parcel field in database was joined with Assessment field in County's parcel layer and exported to a coverage. The resulting coverage was checked and corrected for dropouts due to parcel number descrepancies between the two joined tables. Topology was then edited and dissolved to create single polygons for each zoning district.</stepDesc><stepDateTm>20030101</stepDateTm></prcStep><prcStep><stepDesc>Zoning updated for Lafco Resolution 05-13 annexing five parcels to the City of Napa</stepDesc><stepDateTm>20050906</stepDateTm></prcStep><prcStep><stepDesc>Merged "City of Napa" polygons in south County along river to correct error</stepDesc><stepDateTm>20051018</stepDateTm></prcStep><prcStep><stepDesc>Edited City of Napa boundary line at end of Cuttings Wharf Rd area to match parcel adjustments</stepDesc><stepDateTm>20051018</stepDateTm></prcStep><prcStep><stepDesc>Zoning updtated to reflect BOS Ord. 1279 rezoning 20.20 Ac. AW:AH to RC:AH</stepDesc><stepDateTm>20060830</stepDateTm></prcStep><prcStep><stepDesc>Update Zoning to reflect City of Napa Annexation of Lafco Resolution L09-01 along west side of Big Ranch Rd.</stepDesc><stepDateTm>20090323</stepDateTm></prcStep><prcStep><stepDesc>Update per Lafco City of Napa Annexation Resolution 08-16 Silverado Trail Reorganization.</stepDesc><stepDateTm>20090818</stepDateTm></prcStep><prcStep><stepDesc>Edited layer to reflect Zoning # 1341 Rezoning Approx 22.3 Ac. in St. Helena Hospital area from RS:B-5 to PD which was adopted by BOS action on 05/18/2010</stepDesc><stepDateTm>20100524</stepDateTm></prcStep><prcStep><stepDesc>Zoning updated to reflect BOS Ord. 1271 rezoning AW:AC to PL:AC</stepDesc><stepDateTm>20060208</stepDateTm></prcStep><prcStep><stepDesc>Updated for Lafco Annexation to the City of Napa Res. No. 07-02</stepDesc><stepDateTm>20070613</stepDateTm></prcStep><prcStep><stepDesc>Updated Zoning per Lafco Annexation Res 06-20</stepDesc><stepDateTm>20070621</stepDateTm></prcStep><prcStep><stepDesc>Zoning updated for Lafco Resolution 05-22 "Juanita Street City Annexation" annexing one parcel to the City of Napa</stepDesc><stepDateTm>20060301</stepDateTm></prcStep><dataSource><srcDesc>Napa County CDPD provided all data and the parcel database for this coverage</srcDesc><srcScale><equScale><rfDenom>0</rfDenom></equScale></srcScale><srcCitatn><resTitle>Napa County Zoning</resTitle><citRespParty><rpOrgName>Napa County Conservation, Development and Planning Department</rpOrgName><role><RoleCd value="006"/></role></citRespParty></srcCitatn></dataSource><prcStep><stepDesc>Zoning updated for Lafco Resolutions L10-18 (Devlin Road/South Kelley Road Reorganization) and L10-20 (Eucalyptus Grove and American Canyon High School). </stepDesc><stepDateTm>20110502</stepDateTm></prcStep></dataLineage></dqInfo><spatRepInfo><VectSpatRep><geometObjs Name="zoning"><geoObjTyp><GeoObjTypCd value="002" Sync="TRUE"></GeoObjTypCd></geoObjTyp><geoObjCnt Sync="TRUE">0</geoObjCnt></geometObjs><topLvl><TopoLevCd value="001" Sync="TRUE"></TopoLevCd></topLvl></VectSpatRep></spatRepInfo><mdHrLvName>dataset</mdHrLvName><refSysInfo><RefSystem><refSysID><identCode code="2226"/><idCodeSpace>EPSG</idCodeSpace><idVersion>7.4.1</idVersion></refSysID></RefSystem></refSysInfo><mdDateSt>20111202</mdDateSt><mdChar><CharSetCd value="004"/></mdChar><Esri><DataProperties><itemProps><imsContentType>002</imsContentType><itemName Sync="TRUE">zoning</itemName><nativeExtBox><westBL Sync="TRUE">6376815.910000</westBL><eastBL Sync="TRUE">6544060.130000</eastBL><southBL Sync="TRUE">1818309.280000</southBL><northBL Sync="TRUE">2076824.030000</northBL><exTypeCode Sync="TRUE">1</exTypeCode></nativeExtBox><itemLocation><protocol Sync="TRUE">Local Area Network</protocol><linkage Sync="TRUE">file://\\C8718\C$\Temp\zoning.shp</linkage></itemLocation><itemSize Sync="TRUE">0.000</itemSize></itemProps><coordRef><type Sync="TRUE">Projected</type><geogcsn Sync="TRUE">GCS_North_American_1983</geogcsn><csUnits Sync="TRUE">Linear Unit: Foot_US (0.304801)</csUnits><projcsn Sync="TRUE">NAD_1983_StatePlane_California_II_FIPS_0402_Feet</projcsn><peXml Sync="TRUE">&lt;ProjectedCoordinateSystem xsi:type='typens:ProjectedCoordinateSystem' xmlns:xsi='http://www.w3.org/2001/XMLSchema-instance' xmlns:xs='http://www.w3.org/2001/XMLSchema' xmlns:typens='http://www.esri.com/schemas/ArcGIS/10.5'&gt;&lt;WKT&gt;PROJCS[&amp;quot;NAD_1983_StatePlane_California_II_FIPS_0402_Feet&amp;quot;,GEOGCS[&amp;quot;GCS_North_American_1983&amp;quot;,DATUM[&amp;quot;D_North_American_1983&amp;quot;,SPHEROID[&amp;quot;GRS_1980&amp;quot;,6378137.0,298.257222101]],PRIMEM[&amp;quot;Greenwich&amp;quot;,0.0],UNIT[&amp;quot;Degree&amp;quot;,0.0174532925199433]],PROJECTION[&amp;quot;Lambert_Conformal_Conic&amp;quot;],PARAMETER[&amp;quot;False_Easting&amp;quot;,6561666.666666666],PARAMETER[&amp;quot;False_Northing&amp;quot;,1640416.666666667],PARAMETER[&amp;quot;Central_Meridian&amp;quot;,-122.0],PARAMETER[&amp;quot;Standard_Parallel_1&amp;quot;,38.33333333333334],PARAMETER[&amp;quot;Standard_Parallel_2&amp;quot;,39.83333333333334],PARAMETER[&amp;quot;Latitude_Of_Origin&amp;quot;,37.66666666666666],UNIT[&amp;quot;Foot_US&amp;quot;,0.3048006096012192],AUTHORITY[&amp;quot;EPSG&amp;quot;,2226]]&lt;/WKT&gt;&lt;XOrigin&gt;-115211800&lt;/XOrigin&gt;&lt;YOrigin&gt;-93821500&lt;/YOrigin&gt;&lt;XYScale&gt;36983428.057351544&lt;/XYScale&gt;&lt;ZOrigin&gt;-100000&lt;/ZOrigin&gt;&lt;ZScale&gt;10000&lt;/ZScale&gt;&lt;MOrigin&gt;-100000&lt;/MOrigin&gt;&lt;MScale&gt;10000&lt;/MScale&gt;&lt;XYTolerance&gt;0.0032808333333333331&lt;/XYTolerance&gt;&lt;ZTolerance&gt;0.001&lt;/ZTolerance&gt;&lt;MTolerance&gt;0.001&lt;/MTolerance&gt;&lt;HighPrecision&gt;true&lt;/HighPrecision&gt;&lt;WKID&gt;102642&lt;/WKID&gt;&lt;LatestWKID&gt;2226&lt;/LatestWKID&gt;&lt;/ProjectedCoordinateSystem&gt;</peXml></coordRef><lineage><Process ToolSource="c:\program files (x86)\arcgis\desktop10.5\ArcToolbox\Toolboxes\Conversion Tools.tbx\FeatureClassToFeatureClass" Date="20180802" Time="101102">FeatureClassToFeatureClass "Database Connections\X\Boundary\zoning" C:\Temp zoning.shp # "ZONING "ZONING" true true false 20 Text 0 0 ,First,#,Database Connections\X\Boundary\zoning,ZONING,-1,-1;ACRES "ACRES" true true false 8 Double 5 16 ,First,#,Database Connections\X\Boundary\zoning,ACRES,-1,-1;SHAPE_STAr "SHAPE_STAr" false false true 0 Double 0 0 ,First,#,Database Connections\X\Boundary\zoning,SHAPE.STArea(),-1,-1;SHAPE_STLe "SHAPE_STLe" false false true 0 Double 0 0 ,First,#,Database Connections\X\Boundary\zoning,SHAPE.STLength(),-1,-1" #</Process><Process ToolSource="c:\program files (x86)\arcgis\desktop10.6\ArcToolbox\Toolboxes\Data Management Tools.tbx\CalculateField" Date="20200729" Time="005643">CalculateField zoning BaseZone [ZONING] VB #</Process><Process ToolSource="c:\program files (x86)\arcgis\desktop10.6\ArcToolbox\Toolboxes\Data Management Tools.tbx\CalculateField" Date="20200729" Time="010012">CalculateField UnincorpNapa_zoning Zoning 1 VB #</Process></lineage></DataProperties><ModDate>20180802</ModDate><ModTime>10105900</ModTime><scaleRange><minScale>150000000</minScale><maxScale>5000</maxScale></scaleRange><ArcGISFormat>1.0</ArcGISFormat><ArcGISProfile>NAP</ArcGISProfile><SyncDate>20180802</SyncDate><SyncTime>10105900</SyncTime><CreaDate>20200729</CreaDate><CreaTime>00575300</CreaTime><SyncOnce>TRUE</SyncOnce></Esri></metadata>
