<metadata xml:lang="en"><Esri><CreaDate>20180808</CreaDate><CreaTime>15045500</CreaTime><SyncOnce>FALSE</SyncOnce><DataProperties><lineage><Process Name="Create Feature Class" ToolSource="C:\Program Files\ArcGIS\ArcToolbox\Toolboxes\Data Management Tools.tbx\CreateFeatureclass" Date="20090526" Time="145449">CreateFeatureclass T:\GIS_SDE\VEC_Editor.mdb PLA_CDD_Zoning_IMS # PLA_CDD_Zoning_Layer SAME_AS_TEMPLATE SAME_AS_TEMPLATE "PROJCS['NAD_1983_StatePlane_California_III_FIPS_0403_Feet',GEOGCS['GCS_North_American_1983',DATUM['D_North_American_1983',SPHEROID['GRS_1980',6378137.0,298.257222101]],PRIMEM['Greenwich',0.0],UNIT['Degree',0.0174532925199433]],PROJECTION['Lambert_Conformal_Conic'],PARAMETER['False_Easting',6561666.666666666],PARAMETER['False_Northing',1640416.666666667],PARAMETER['Central_Meridian',-120.5],PARAMETER['Standard_Parallel_1',37.06666666666667],PARAMETER['Standard_Parallel_2',38.43333333333333],PARAMETER['Latitude_Of_Origin',36.5],UNIT['Foot_US',0.3048006096012192]];5000000 1000000 1000;0 1;0 1" # 0 0 0 T:\GIS_SDE\VEC_Editor.mdb\PLA_CDD_Zoning_IMS</Process><Process Name="Append" ToolSource="C:\Program Files\ArcGIS\ArcToolbox\Toolboxes\Data Management Tools.tbx\Append" Date="20090526" Time="145451">Append PLA_CDD_Zoning_Layer T:\GIS_SDE\VEC_Editor.mdb\PLA_CDD_Zoning_IMS TEST T:\GIS_SDE\VEC_Editor.mdb\PLA_CDD_Zoning_IMS</Process><Process Name="FeatureClassToFeatureClass_1" ToolSource="C:\Program Files\ArcGIS\ArcToolbox\Toolboxes\Conversion Tools.tbx\FeatureClassToFeatureClass" Date="20090526" Time="145452">FeatureClassToFeatureClass T:\GIS_SDE\VEC_Editor.mdb\PLA_CDD_Zoning T:\GIS_SDE\VEC_Editor.mdb PLA_CDD_Zoning_IMS # "ZONING ZONING VISIBLE;OVERLAY OVERLAY VISIBLE;ZONE_OVER ZONE_OVER VISIBLE;ZONENOTES ZONENOTES VISIBLE;ZID ZID VISIBLE;REZONE1 REZONE1 VISIBLE;OLD_ZONE1 OLD_ZONE1 VISIBLE;ZONEDATE1 ZONEDATE1 VISIBLE;REZONE2 REZONE2 VISIBLE;OLD_ZONE2 OLD_ZONE2 VISIBLE;ZONEDATE2 ZONEDATE2 VISIBLE;REZONE3 REZONE3 VISIBLE;OLD_ZONE3 OLD_ZONE3 VISIBLE;ZONEDATE3 ZONEDATE3 VISIBLE;Z_1978 Z_1978 VISIBLE;Z_1979 Z_1979 VISIBLE;Z_1980 Z_1980 VISIBLE;Z_1981 Z_1981 VISIBLE;Z_1982 Z_1982 VISIBLE;Z_1983 Z_1983 VISIBLE;Z_1984 Z_1984 VISIBLE;Z_1985 Z_1985 VISIBLE;Z_1986 Z_1986 VISIBLE;Z_1987 Z_1987 VISIBLE;Z_1988 Z_1988 VISIBLE;Z_1989 Z_1989 VISIBLE;Z_1990 Z_1990 VISIBLE;Z_1991 Z_1991 VISIBLE;Z_1992 Z_1992 VISIBLE;Z_1993 Z_1993 VISIBLE;Z_1994 Z_1994 VISIBLE;Z_1995 Z_1995 VISIBLE;Z_1996 Z_1996 VISIBLE;Z_1997 Z_1997 VISIBLE;Z_1998 Z_1998 VISIBLE;Z_1999 Z_1999 VISIBLE;Z_2000 Z_2000 VISIBLE;Z_2001 Z_2001 VISIBLE;Z_2002 Z_2002 VISIBLE;Z_2003 Z_2003 VISIBLE;Z_2004 Z_2004 VISIBLE;Z_2005 Z_2005 VISIBLE;Z_2006 Z_2006 VISIBLE;Z_2007 Z_2007 VISIBLE;Z_2008 Z_2008 VISIBLE;Z_2009 Z_2009 VISIBLE;Z_2010 Z_2010 VISIBLE;Z_2011 Z_2011 VISIBLE;Z_2012 Z_2012 VISIBLE;URL URL_old VISIBLE;SHAPE_Length SHAPE_Length VISIBLE;SHAPE_Area SHAPE_Area VISIBLE;Zoning_Text Zoning_Text VISIBLE;Overlay_Text Overlay_Text VISIBLE;Zoning_Standard Zoning_Standard VISIBLE" SAME_AS_TEMPLATE SAME_AS_TEMPLATE # 0 T:\GIS_SDE\VEC_Editor.mdb\PLA_CDD_Zoning_IMS</Process><Process ToolSource="C:\Program Files\ArcGIS\ArcToolbox\Toolboxes\Conversion Tools.tbx\FeatureClassToFeatureClass" Date="20111223" Time="103630">FeatureClassToFeatureClass D:\WorkSpace\Scratch.mdb\Zon1 D:\WorkSpace\Scratch.mdb Zon_DOIT_Template # "ZONING 'ZONING' true true false 15 Text 0 0 ,First,#,D:\WorkSpace\Scratch.mdb\Zon1,ZONING,-1,-1;OVERLAY 'OVERLAY' true true false 15 Text 0 0 ,First,#,D:\WorkSpace\Scratch.mdb\Zon1,OVERLAY,-1,-1;ZONE_OVER 'ZONE_OVER' true true false 15 Text 0 0 ,First,#,D:\WorkSpace\Scratch.mdb\Zon1,ZONE_OVER,-1,-1;Zoning_Text 'Zoning_Text' true true false 50 Text 0 0 ,First,#,D:\WorkSpace\Scratch.mdb\Zon1,Zoning_Text,-1,-1;Overlay_Text 'Overlay_Text' true true false 70 Text 0 0 ,First,#,D:\WorkSpace\Scratch.mdb\Zon1,Overlay_Text,-1,-1;Zoning_Standard 'Zoning_Standard' true true false 70 Text 0 0 ,First,#,D:\WorkSpace\Scratch.mdb\Zon1,Zoning_Standard,-1,-1;URL 'URL' true true false 250 Text 0 0 ,First,#,D:\WorkSpace\Scratch.mdb\Zon1,URL,-1,-1" # D:\WorkSpace\Scratch.mdb\Zon_DOIT_Template</Process><Process ToolSource="C:\Program Files\ArcGIS\ArcToolbox\Toolboxes\Data Management Tools.tbx\Merge" Date="20111223" Time="103829">Merge D:\WorkSpace\Scratch.mdb\Zon_DOIT_Template;D:\WorkSpace\Scratch.mdb\Zon1 D:\WorkSpace\Scratch.mdb\Zon2 "ZONING 'ZONING' true true false 15 Text 0 0 ,First,#,D:\WorkSpace\Scratch.mdb\Zon_DOIT_Template,ZONING,-1,-1,D:\WorkSpace\Scratch.mdb\Zon1,ZONING,-1,-1;OVERLAY 'OVERLAY' true true false 15 Text 0 0 ,First,#,D:\WorkSpace\Scratch.mdb\Zon_DOIT_Template,OVERLAY,-1,-1,D:\WorkSpace\Scratch.mdb\Zon1,OVERLAY,-1,-1;ZONE_OVER 'ZONE_OVER' true true false 15 Text 0 0 ,First,#,D:\WorkSpace\Scratch.mdb\Zon_DOIT_Template,ZONE_OVER,-1,-1,D:\WorkSpace\Scratch.mdb\Zon1,ZONE_OVER,-1,-1;Zoning_Text 'Zoning_Text' true true false 50 Text 0 0 ,First,#,D:\WorkSpace\Scratch.mdb\Zon_DOIT_Template,Zoning_Text,-1,-1,D:\WorkSpace\Scratch.mdb\Zon1,Zoning_Text,-1,-1;Overlay_Text 'Overlay_Text' true true false 70 Text 0 0 ,First,#,D:\WorkSpace\Scratch.mdb\Zon_DOIT_Template,Overlay_Text,-1,-1,D:\WorkSpace\Scratch.mdb\Zon1,Overlay_Text,-1,-1;Zoning_Standard 'Zoning_Standard' true true false 70 Text 0 0 ,First,#,D:\WorkSpace\Scratch.mdb\Zon_DOIT_Template,Zoning_Standard,-1,-1,D:\WorkSpace\Scratch.mdb\Zon1,Zoning_Standard,-1,-1;URL 'URL' true true false 250 Text 0 0 ,First,#,D:\WorkSpace\Scratch.mdb\Zon_DOIT_Template,URL,-1,-1,D:\WorkSpace\Scratch.mdb\Zon1,URL,-1,-1;ZONENOTES 'ZONENOTES' true true false 250 Text 0 0 ,First,#,D:\WorkSpace\Scratch.mdb\Zon1,ZONENOTES,-1,-1;ZID 'ZID' true true false 2 Short 0 0 ,First,#,D:\WorkSpace\Scratch.mdb\Zon1,ZID,-1,-1;Z_1978 'Z_1978' true true false 15 Text 0 0 ,First,#,D:\WorkSpace\Scratch.mdb\Zon1,Z_1978,-1,-1;Z_1979 'Z_1979' true true false 15 Text 0 0 ,First,#,D:\WorkSpace\Scratch.mdb\Zon1,Z_1979,-1,-1;Z_1980 'Z_1980' true true false 15 Text 0 0 ,First,#,D:\WorkSpace\Scratch.mdb\Zon1,Z_1980,-1,-1;Z_1981 'Z_1981' true true false 15 Text 0 0 ,First,#,D:\WorkSpace\Scratch.mdb\Zon1,Z_1981,-1,-1;Z_1982 'Z_1982' true true false 15 Text 0 0 ,First,#,D:\WorkSpace\Scratch.mdb\Zon1,Z_1982,-1,-1;Z_1983 'Z_1983' true true false 15 Text 0 0 ,First,#,D:\WorkSpace\Scratch.mdb\Zon1,Z_1983,-1,-1;Z_1984 'Z_1984' true true false 15 Text 0 0 ,First,#,D:\WorkSpace\Scratch.mdb\Zon1,Z_1984,-1,-1;Z_1985 'Z_1985' true true false 15 Text 0 0 ,First,#,D:\WorkSpace\Scratch.mdb\Zon1,Z_1985,-1,-1;Z_1986 'Z_1986' true true false 15 Text 0 0 ,First,#,D:\WorkSpace\Scratch.mdb\Zon1,Z_1986,-1,-1;Z_1987 'Z_1987' true true false 15 Text 0 0 ,First,#,D:\WorkSpace\Scratch.mdb\Zon1,Z_1987,-1,-1;Z_1988 'Z_1988' true true false 15 Text 0 0 ,First,#,D:\WorkSpace\Scratch.mdb\Zon1,Z_1988,-1,-1;Z_1989 'Z_1989' true true false 15 Text 0 0 ,First,#,D:\WorkSpace\Scratch.mdb\Zon1,Z_1989,-1,-1;Z_1990 'Z_1990' true true false 15 Text 0 0 ,First,#,D:\WorkSpace\Scratch.mdb\Zon1,Z_1990,-1,-1;Z_1991 'Z_1991' true true false 15 Text 0 0 ,First,#,D:\WorkSpace\Scratch.mdb\Zon1,Z_1991,-1,-1;Z_1992 'Z_1992' true true false 15 Text 0 0 ,First,#,D:\WorkSpace\Scratch.mdb\Zon1,Z_1992,-1,-1;Z_1993 'Z_1993' true true false 15 Text 0 0 ,First,#,D:\WorkSpace\Scratch.mdb\Zon1,Z_1993,-1,-1;Z_1994 'Z_1994' true true false 15 Text 0 0 ,First,#,D:\WorkSpace\Scratch.mdb\Zon1,Z_1994,-1,-1;Z_1995 'Z_1995' true true false 15 Text 0 0 ,First,#,D:\WorkSpace\Scratch.mdb\Zon1,Z_1995,-1,-1;Z_1996 'Z_1996' true true false 15 Text 0 0 ,First,#,D:\WorkSpace\Scratch.mdb\Zon1,Z_1996,-1,-1;Z_1997 'Z_1997' true true false 15 Text 0 0 ,First,#,D:\WorkSpace\Scratch.mdb\Zon1,Z_1997,-1,-1;Z_1998 'Z_1998' true true false 15 Text 0 0 ,First,#,D:\WorkSpace\Scratch.mdb\Zon1,Z_1998,-1,-1;Z_1999 'Z_1999' true true false 15 Text 0 0 ,First,#,D:\WorkSpace\Scratch.mdb\Zon1,Z_1999,-1,-1;Z_2000 'Z_2000' true true false 15 Text 0 0 ,First,#,D:\WorkSpace\Scratch.mdb\Zon1,Z_2000,-1,-1;Z_2001 'Z_2001' true true false 15 Text 0 0 ,First,#,D:\WorkSpace\Scratch.mdb\Zon1,Z_2001,-1,-1;Z_2002 'Z_2002' true true false 15 Text 0 0 ,First,#,D:\WorkSpace\Scratch.mdb\Zon1,Z_2002,-1,-1;Z_2003 'Z_2003' true true false 15 Text 0 0 ,First,#,D:\WorkSpace\Scratch.mdb\Zon1,Z_2003,-1,-1;Z_2004 'Z_2004' true true false 15 Text 0 0 ,First,#,D:\WorkSpace\Scratch.mdb\Zon1,Z_2004,-1,-1;Z_2005 'Z_2005' true true false 15 Text 0 0 ,First,#,D:\WorkSpace\Scratch.mdb\Zon1,Z_2005,-1,-1;Z_2006 'Z_2006' true true false 15 Text 0 0 ,First,#,D:\WorkSpace\Scratch.mdb\Zon1,Z_2006,-1,-1;Z_2007 'Z_2007' true true false 15 Text 0 0 ,First,#,D:\WorkSpace\Scratch.mdb\Zon1,Z_2007,-1,-1;Z_2008 'Z_2008' true true false 15 Text 0 0 ,First,#,D:\WorkSpace\Scratch.mdb\Zon1,Z_2008,-1,-1;Z_2009 'Z_2009' true true false 15 Text 0 0 ,First,#,D:\WorkSpace\Scratch.mdb\Zon1,Z_2009,-1,-1;Z_2010 'Z_2010' true true false 15 Text 0 0 ,First,#,D:\WorkSpace\Scratch.mdb\Zon1,Z_2010,-1,-1;Z_2011 'Z_2011' true true false 15 Text 0 0 ,First,#,D:\WorkSpace\Scratch.mdb\Zon1,Z_2011,-1,-1;Z_2012 'Z_2012' true true false 15 Text 0 0 ,First,#,D:\WorkSpace\Scratch.mdb\Zon1,Z_2012,-1,-1"</Process><Process ToolSource="C:\Program Files\ArcGIS\ArcToolbox\Toolboxes\Data Management Tools.tbx\Merge" Date="20111223" Time="111016">Merge D:\WorkSpace\Scratch.mdb\Zon2;D:\WorkSpace\Scratch.mdb\Zon3 D:\WorkSpace\Scratch.mdb\Zon4 "ZONING 'ZONING' true true false 15 Text 0 0 ,First,#,D:\WorkSpace\Scratch.mdb\Zon2,ZONING,-1,-1;OVERLAY 'OVERLAY' true true false 15 Text 0 0 ,First,#,D:\WorkSpace\Scratch.mdb\Zon2,OVERLAY,-1,-1;ZONE_OVER 'ZONE_OVER' true true false 15 Text 0 0 ,First,#,D:\WorkSpace\Scratch.mdb\Zon2,ZONE_OVER,-1,-1;Zoning_Text 'Zoning_Text' true true false 50 Text 0 0 ,First,#,D:\WorkSpace\Scratch.mdb\Zon2,Zoning_Text,-1,-1;Overlay_Text 'Overlay_Text' true true false 70 Text 0 0 ,First,#,D:\WorkSpace\Scratch.mdb\Zon2,Overlay_Text,-1,-1;Zoning_Standard 'Zoning_Standard' true true false 70 Text 0 0 ,First,#,D:\WorkSpace\Scratch.mdb\Zon2,Zoning_Standard,-1,-1;URL 'URL' true true false 250 Text 0 0 ,First,#,D:\WorkSpace\Scratch.mdb\Zon2,URL,-1,-1;ZONENOTES 'ZONENOTES' true true false 250 Text 0 0 ,First,#,D:\WorkSpace\Scratch.mdb\Zon2,ZONENOTES,-1,-1;ZID 'ZID' true true false 2 Short 0 0 ,First,#,D:\WorkSpace\Scratch.mdb\Zon2,ZID,-1,-1;Z_1978 'Z_1978' true true false 15 Text 0 0 ,First,#,D:\WorkSpace\Scratch.mdb\Zon2,Z_1978,-1,-1;Z_1979 'Z_1979' true true false 15 Text 0 0 ,First,#,D:\WorkSpace\Scratch.mdb\Zon2,Z_1979,-1,-1;Z_1980 'Z_1980' true true false 15 Text 0 0 ,First,#,D:\WorkSpace\Scratch.mdb\Zon2,Z_1980,-1,-1;Z_1981 'Z_1981' true true false 15 Text 0 0 ,First,#,D:\WorkSpace\Scratch.mdb\Zon2,Z_1981,-1,-1;Z_1982 'Z_1982' true true false 15 Text 0 0 ,First,#,D:\WorkSpace\Scratch.mdb\Zon2,Z_1982,-1,-1;Z_1983 'Z_1983' true true false 15 Text 0 0 ,First,#,D:\WorkSpace\Scratch.mdb\Zon2,Z_1983,-1,-1;Z_1984 'Z_1984' true true false 15 Text 0 0 ,First,#,D:\WorkSpace\Scratch.mdb\Zon2,Z_1984,-1,-1;Z_1985 'Z_1985' true true false 15 Text 0 0 ,First,#,D:\WorkSpace\Scratch.mdb\Zon2,Z_1985,-1,-1;Z_1986 'Z_1986' true true false 15 Text 0 0 ,First,#,D:\WorkSpace\Scratch.mdb\Zon2,Z_1986,-1,-1;Z_1987 'Z_1987' true true false 15 Text 0 0 ,First,#,D:\WorkSpace\Scratch.mdb\Zon2,Z_1987,-1,-1;Z_1988 'Z_1988' true true false 15 Text 0 0 ,First,#,D:\WorkSpace\Scratch.mdb\Zon2,Z_1988,-1,-1;Z_1989 'Z_1989' true true false 15 Text 0 0 ,First,#,D:\WorkSpace\Scratch.mdb\Zon2,Z_1989,-1,-1;Z_1990 'Z_1990' true true false 15 Text 0 0 ,First,#,D:\WorkSpace\Scratch.mdb\Zon2,Z_1990,-1,-1;Z_1991 'Z_1991' true true false 15 Text 0 0 ,First,#,D:\WorkSpace\Scratch.mdb\Zon2,Z_1991,-1,-1;Z_1992 'Z_1992' true true false 15 Text 0 0 ,First,#,D:\WorkSpace\Scratch.mdb\Zon2,Z_1992,-1,-1;Z_1993 'Z_1993' true true false 15 Text 0 0 ,First,#,D:\WorkSpace\Scratch.mdb\Zon2,Z_1993,-1,-1;Z_1994 'Z_1994' true true false 15 Text 0 0 ,First,#,D:\WorkSpace\Scratch.mdb\Zon2,Z_1994,-1,-1;Z_1995 'Z_1995' true true false 15 Text 0 0 ,First,#,D:\WorkSpace\Scratch.mdb\Zon2,Z_1995,-1,-1;Z_1996 'Z_1996' true true false 15 Text 0 0 ,First,#,D:\WorkSpace\Scratch.mdb\Zon2,Z_1996,-1,-1;Z_1997 'Z_1997' true true false 15 Text 0 0 ,First,#,D:\WorkSpace\Scratch.mdb\Zon2,Z_1997,-1,-1;Z_1998 'Z_1998' true true false 15 Text 0 0 ,First,#,D:\WorkSpace\Scratch.mdb\Zon2,Z_1998,-1,-1;Z_1999 'Z_1999' true true false 15 Text 0 0 ,First,#,D:\WorkSpace\Scratch.mdb\Zon2,Z_1999,-1,-1;Z_2000 'Z_2000' true true false 15 Text 0 0 ,First,#,D:\WorkSpace\Scratch.mdb\Zon2,Z_2000,-1,-1;Z_2001 'Z_2001' true true false 15 Text 0 0 ,First,#,D:\WorkSpace\Scratch.mdb\Zon2,Z_2001,-1,-1;Z_2002 'Z_2002' true true false 15 Text 0 0 ,First,#,D:\WorkSpace\Scratch.mdb\Zon2,Z_2002,-1,-1;Z_2003 'Z_2003' true true false 15 Text 0 0 ,First,#,D:\WorkSpace\Scratch.mdb\Zon2,Z_2003,-1,-1;Z_2004 'Z_2004' true true false 15 Text 0 0 ,First,#,D:\WorkSpace\Scratch.mdb\Zon2,Z_2004,-1,-1;Z_2005 'Z_2005' true true false 15 Text 0 0 ,First,#,D:\WorkSpace\Scratch.mdb\Zon2,Z_2005,-1,-1;Z_2006 'Z_2006' true true false 15 Text 0 0 ,First,#,D:\WorkSpace\Scratch.mdb\Zon2,Z_2006,-1,-1;Z_2007 'Z_2007' true true false 15 Text 0 0 ,First,#,D:\WorkSpace\Scratch.mdb\Zon2,Z_2007,-1,-1;Z_2008 'Z_2008' true true false 15 Text 0 0 ,First,#,D:\WorkSpace\Scratch.mdb\Zon2,Z_2008,-1,-1;Z_2009 'Z_2009' true true false 15 Text 0 0 ,First,#,D:\WorkSpace\Scratch.mdb\Zon2,Z_2009,-1,-1;Z_2010 'Z_2010' true true false 15 Text 0 0 ,First,#,D:\WorkSpace\Scratch.mdb\Zon2,Z_2010,-1,-1;Z_2011 'Z_2011' true true false 15 Text 0 0 ,First,#,D:\WorkSpace\Scratch.mdb\Zon2,Z_2011,-1,-1;Z_2012 'Z_2012' true true false 15 Text 0 0 ,First,#,D:\WorkSpace\Scratch.mdb\Zon2,Z_2012,-1,-1;Z_2013 'Z_2013' true true false 15 Text 0 0 ,First,#,D:\WorkSpace\Scratch.mdb\Zon2,Z_2013,-1,-1;Z_2014 'Z_2014' true true false 15 Text 0 0 ,First,#,D:\WorkSpace\Scratch.mdb\Zon2,Z_2014,-1,-1;Z_2015 'Z_2015' true true false 15 Text 0 0 ,First,#,D:\WorkSpace\Scratch.mdb\Zon2,Z_2015,-1,-1;Z_2016 'Z_2016' true true false 15 Text 0 0 ,First,#,D:\WorkSpace\Scratch.mdb\Zon2,Z_2016,-1,-1;Z_2017 'Z_2017' true true false 15 Text 0 0 ,First,#,D:\WorkSpace\Scratch.mdb\Zon2,Z_2017,-1,-1;Z_2018 'Z_2018' true true false 15 Text 0 0 ,First,#,D:\WorkSpace\Scratch.mdb\Zon2,Z_2018,-1,-1;Z_2019 'Z_2019' true true false 15 Text 0 0 ,First,#,D:\WorkSpace\Scratch.mdb\Zon2,Z_2019,-1,-1;Z_2020 'Z_2020' true true false 15 Text 0 0 ,First,#,D:\WorkSpace\Scratch.mdb\Zon2,Z_2020,-1,-1;History 'History' true true false 255 Text 0 0 ,First,#,D:\WorkSpace\Scratch.mdb\Zon2,History,-1,-1;Ord_1 'Ord_1' true true false 15 Text 0 0 ,First,#,D:\WorkSpace\Scratch.mdb\Zon2,Ord_1,-1,-1,D:\WorkSpace\Scratch.mdb\Zon3,Ord_1,-1,-1;RZ_1 'RZ_1' true true false 15 Text 0 0 ,First,#,D:\WorkSpace\Scratch.mdb\Zon2,RZ_1,-1,-1;From_1 'From_1' true true false 15 Text 0 0 ,First,#,D:\WorkSpace\Scratch.mdb\Zon2,From_1,-1,-1;Dscrp_1 'Dscrp_1' true true false 255 Text 0 0 ,First,#,D:\WorkSpace\Scratch.mdb\Zon2,Dscrp_1,-1,-1;Date_1 'Date_1' true true false 8 Date 0 0 ,First,#,D:\WorkSpace\Scratch.mdb\Zon2,Date_1,-1,-1;Ord_2 'Ord_2' true true false 15 Text 0 0 ,First,#,D:\WorkSpace\Scratch.mdb\Zon2,Ord_2,-1,-1,D:\WorkSpace\Scratch.mdb\Zon3,Ord_2,-1,-1;RZ_2 'RZ_2' true true false 15 Text 0 0 ,First,#,D:\WorkSpace\Scratch.mdb\Zon2,RZ_2,-1,-1;From_2 'From_2' true true false 15 Text 0 0 ,First,#,D:\WorkSpace\Scratch.mdb\Zon2,From_2,-1,-1;Dscrp_2 'Dscrp_2' true true false 255 Text 0 0 ,First,#,D:\WorkSpace\Scratch.mdb\Zon2,Dscrp_2,-1,-1;Date_2 'Date_2' true true false 8 Date 0 0 ,First,#,D:\WorkSpace\Scratch.mdb\Zon2,Date_2,-1,-1;Ord_3 'Ord_3' true true false 15 Text 0 0 ,First,#,D:\WorkSpace\Scratch.mdb\Zon2,Ord_3,-1,-1,D:\WorkSpace\Scratch.mdb\Zon3,Ord_3,-1,-1;RZ_3 'RZ_3' true true false 15 Text 0 0 ,First,#,D:\WorkSpace\Scratch.mdb\Zon2,RZ_3,-1,-1;From_3 'From_3' true true false 15 Text 0 0 ,First,#,D:\WorkSpace\Scratch.mdb\Zon2,From_3,-1,-1;Dscrp_3 'Dscrp_3' true true false 255 Text 0 0 ,First,#,D:\WorkSpace\Scratch.mdb\Zon2,Dscrp_3,-1,-1;Date_3 'Date_3' true true false 8 Date 0 0 ,First,#,D:\WorkSpace\Scratch.mdb\Zon2,Date_3,-1,-1;Ord_4 'Ord_4' true true false 15 Text 0 0 ,First,#,D:\WorkSpace\Scratch.mdb\Zon2,Ord_4,-1,-1;RZ_4 'RZ_4' true true false 15 Text 0 0 ,First,#,D:\WorkSpace\Scratch.mdb\Zon2,RZ_4,-1,-1;From_4 'From_4' true true false 15 Text 0 0 ,First,#,D:\WorkSpace\Scratch.mdb\Zon2,From_4,-1,-1;Dscrp_4 'Dscrp_4' true true false 255 Text 0 0 ,First,#,D:\WorkSpace\Scratch.mdb\Zon2,Dscrp_4,-1,-1;Date_4 'Date_4' true true false 8 Date 0 0 ,First,#,D:\WorkSpace\Scratch.mdb\Zon2,Date_4,-1,-1;REZONE1 'REZONE1' true true false 15 Text 0 0 ,First,#,D:\WorkSpace\Scratch.mdb\Zon3,REZONE1,-1,-1;OLD_ZONE1 'OLD_ZONE1' true true false 15 Text 0 0 ,First,#,D:\WorkSpace\Scratch.mdb\Zon3,OLD_ZONE1,-1,-1;ZONEDATE1 'ZoneDate1' true true false 8 Date 0 0 ,First,#,D:\WorkSpace\Scratch.mdb\Zon3,ZONEDATE1,-1,-1;REZONE2 'REZONE2' true true false 15 Text 0 0 ,First,#,D:\WorkSpace\Scratch.mdb\Zon3,REZONE2,-1,-1;OLD_ZONE2 'OLD_ZONE2' true true false 15 Text 0 0 ,First,#,D:\WorkSpace\Scratch.mdb\Zon3,OLD_ZONE2,-1,-1;ZONEDATE2 'ZONEDATE2' true true false 8 Date 0 0 ,First,#,D:\WorkSpace\Scratch.mdb\Zon3,ZONEDATE2,-1,-1;REZONE3 'REZONE3' true true false 15 Text 0 0 ,First,#,D:\WorkSpace\Scratch.mdb\Zon3,REZONE3,-1,-1;OLD_ZONE3 'OLD_ZONE3' true true false 15 Text 0 0 ,First,#,D:\WorkSpace\Scratch.mdb\Zon3,OLD_ZONE3,-1,-1;ZONEDATE3 'ZONEDATE3' true true false 8 Date 0 0 ,First,#,D:\WorkSpace\Scratch.mdb\Zon3,ZONEDATE3,-1,-1;Notes_1 'Notes_1' true true false 250 Text 0 0 ,First,#,D:\WorkSpace\Scratch.mdb\Zon3,Notes_1,-1,-1;Notes_2 'Notes_2' true true false 250 Text 0 0 ,First,#,D:\WorkSpace\Scratch.mdb\Zon3,Notes_2,-1,-1;Notes_3 'Notes_3' true true false 250 Text 0 0 ,First,#,D:\WorkSpace\Scratch.mdb\Zon3,Notes_3,-1,-1"</Process><Process ToolSource="C:\Program Files (x86)\ArcGIS\ArcToolbox\Toolboxes\Data Management Tools.tbx\Dissolve" Date="20180531" Time="143059">Dissolve PLA_CDD_Zoning T:\GIS_SDE\DOIT_Edits.gdb\PLA_DCD_Zoning_Accela ZONING;OVERLAY;ZONE_OVER;Zoning_Text;Overlay_Text;Zoning_Standard;URL;ZONE_U;URL1;URL2 # SINGLE_PART DISSOLVE_LINES</Process><Process ToolSource="c:\program files (x86)\arcgis\desktop10.6\ArcToolbox\Toolboxes\Data Management Tools.tbx\CalculateField" Date="20200713" Time="020702">CalculateField UnincorpCC_zoning Orig_zone [ZONING] VB #</Process><Process ToolSource="c:\program files (x86)\arcgis\desktop10.6\ArcToolbox\Toolboxes\Data Management Tools.tbx\CalculateField" Date="20200713" Time="020723">CalculateField UnincorpCC_zoning Orig_zone [ZONING] VB #</Process><Process ToolSource="c:\program files (x86)\arcgis\desktop10.6\ArcToolbox\Toolboxes\Data Management Tools.tbx\CalculateField" Date="20200713" Time="020955">CalculateField UnincorpCC_zoning Zoning 3 VB #</Process><Process ToolSource="c:\program files (x86)\arcgis\desktop10.6\ArcToolbox\Toolboxes\Data Management Tools.tbx\CalculateField" Date="20200713" Time="021710">CalculateField UnincorpCC_zoning Zoning 1 VB #</Process><Process ToolSource="c:\program files (x86)\arcgis\desktop10.6\ArcToolbox\Toolboxes\Data Management Tools.tbx\CalculateField" Date="20200713" Time="021818">CalculateField UnincorpCC_zoning Zoning 2 VB #</Process></lineage><itemProps><itemLocation><linkage Sync="TRUE">file://\\DOIT-ICABRE-W10\C$\GIS\DCD\PLA_DCD_Zoning.shp</linkage><protocol Sync="TRUE">Local Area Network</protocol></itemLocation><itemName Sync="TRUE">PLA_DCD_Zoning</itemName><imsContentType Sync="TRUE">002</imsContentType><itemSize Sync="TRUE">0.000</itemSize></itemProps><coordRef><type Sync="TRUE">Projected</type><geogcsn Sync="TRUE">GCS_North_American_1983</geogcsn><csUnits Sync="TRUE">Linear Unit: Foot_US (0.304801)</csUnits><projcsn Sync="TRUE">NAD_1983_StatePlane_California_III_FIPS_0403_Feet</projcsn><peXml Sync="TRUE">&lt;ProjectedCoordinateSystem xsi:type='typens:ProjectedCoordinateSystem' xmlns:xsi='http://www.w3.org/2001/XMLSchema-instance' xmlns:xs='http://www.w3.org/2001/XMLSchema' xmlns:typens='http://www.esri.com/schemas/ArcGIS/10.6'&gt;&lt;WKT&gt;PROJCS[&amp;quot;NAD_1983_StatePlane_California_III_FIPS_0403_Feet&amp;quot;,GEOGCS[&amp;quot;GCS_North_American_1983&amp;quot;,DATUM[&amp;quot;D_North_American_1983&amp;quot;,SPHEROID[&amp;quot;GRS_1980&amp;quot;,6378137.0,298.257222101]],PRIMEM[&amp;quot;Greenwich&amp;quot;,0.0],UNIT[&amp;quot;Degree&amp;quot;,0.0174532925199433]],PROJECTION[&amp;quot;Lambert_Conformal_Conic&amp;quot;],PARAMETER[&amp;quot;False_Easting&amp;quot;,6561666.666666666],PARAMETER[&amp;quot;False_Northing&amp;quot;,1640416.666666667],PARAMETER[&amp;quot;Central_Meridian&amp;quot;,-120.5],PARAMETER[&amp;quot;Standard_Parallel_1&amp;quot;,37.06666666666667],PARAMETER[&amp;quot;Standard_Parallel_2&amp;quot;,38.43333333333333],PARAMETER[&amp;quot;Latitude_Of_Origin&amp;quot;,36.5],UNIT[&amp;quot;Foot_US&amp;quot;,0.3048006096012192],AUTHORITY[&amp;quot;EPSG&amp;quot;,2227]]&lt;/WKT&gt;&lt;XOrigin&gt;-115860600&lt;/XOrigin&gt;&lt;YOrigin&gt;-93269500&lt;/YOrigin&gt;&lt;XYScale&gt;36787427.345686711&lt;/XYScale&gt;&lt;ZOrigin&gt;-100000&lt;/ZOrigin&gt;&lt;ZScale&gt;10000&lt;/ZScale&gt;&lt;MOrigin&gt;-100000&lt;/MOrigin&gt;&lt;MScale&gt;10000&lt;/MScale&gt;&lt;XYTolerance&gt;0.0032808333333333331&lt;/XYTolerance&gt;&lt;ZTolerance&gt;0.001&lt;/ZTolerance&gt;&lt;MTolerance&gt;0.001&lt;/MTolerance&gt;&lt;HighPrecision&gt;true&lt;/HighPrecision&gt;&lt;WKID&gt;102643&lt;/WKID&gt;&lt;LatestWKID&gt;2227&lt;/LatestWKID&gt;&lt;/ProjectedCoordinateSystem&gt;</peXml></coordRef></DataProperties><SyncDate>20181211</SyncDate><SyncTime>07224400</SyncTime><ModDate>20181211</ModDate><ModTime>07224400</ModTime><ArcGISFormat>1.0</ArcGISFormat></Esri><idinfo><citation><citeinfo><onlink Sync="TRUE">\\dcd-fs\GISnew\GIS_SDE\DOIT_Edits.gdb</onlink><origin>REQUIRED: The name of an organization or individual that developed the data set.</origin><pubdate>REQUIRED: The date when the data set is published or otherwise made available for release.</pubdate><title Sync="TRUE">PLA_DCD_Zoning_Accela</title><ftname Sync="TRUE">PLA_DCD_Zoning_Accela</ftname><geoform Sync="TRUE">vector digital data</geoform></citeinfo></citation><native Sync="TRUE">Microsoft Windows Vista Version 6.1 (Build 7601) Service Pack 1; ESRI ArcCatalog 9.3.1.3000</native><descript><langdata Sync="TRUE">en</langdata><abstract>REQUIRED: A brief narrative summary of the data set.</abstract><purpose>REQUIRED: A summary of the intentions with which the data set was developed.</purpose></descript><timeperd><current>REQUIRED: The basis on which the time period of content information is determined.</current><timeinfo><sngdate><caldate>REQUIRED: The year (and optionally month, or month and day) for which the data set corresponds to the ground.</caldate></sngdate></timeinfo></timeperd><status><progress>REQUIRED: The state of the data set.</progress><update>REQUIRED: The frequency with which changes and additions are made to the data set after the initial data set is completed.</update></status><spdom><bounding><westbc Sync="TRUE">REQUIRED: Western-most coordinate of the limit of coverage expressed in longitude.</westbc><eastbc Sync="TRUE">REQUIRED: Eastern-most coordinate of the limit of coverage expressed in longitude.</eastbc><northbc Sync="TRUE">REQUIRED: Northern-most coordinate of the limit of coverage expressed in latitude.</northbc><southbc Sync="TRUE">REQUIRED: Southern-most coordinate of the limit of coverage expressed in latitude.</southbc></bounding></spdom><keywords><theme><themekt>REQUIRED: Reference to a formally registered thesaurus or a similar authoritative source of theme keywords.</themekt><themekey>REQUIRED: Common-use word or phrase used to describe the subject of the data set.</themekey></theme></keywords><accconst>REQUIRED: Restrictions and legal prerequisites for accessing the data set.</accconst><useconst>REQUIRED: Restrictions and legal prerequisites for using the data set after access is granted.</useconst><natvform Sync="TRUE">File Geodatabase Feature Class</natvform></idinfo><distInfo><distributor><distorTran><onLineSrc><linkage Sync="TRUE">file://\\dcd-fs\GISnew\GIS_SDE\DOIT_Edits.gdb</linkage><protocol Sync="TRUE">Local Area Network</protocol><orDesc Sync="TRUE">002</orDesc></onLineSrc></distorTran><distorFormat><formatName Sync="TRUE">File Geodatabase Feature Class</formatName></distorFormat></distributor><distFormat><formatName Sync="TRUE">Shapefile</formatName></distFormat><distTranOps><transSize Sync="TRUE">0.000</transSize></distTranOps></distInfo><dataqual><lineage><procstep><procdesc Sync="TRUE">Dataset copied.</procdesc><srcused Sync="TRUE">\\gis-cd\GISnew\GIS_SDE\VEC_Editor.mdb</srcused><date Sync="TRUE">20090526</date><time Sync="TRUE">15090400</time></procstep><procstep><procdesc Sync="TRUE">Dataset copied.</procdesc><srcused Sync="TRUE">\\Gisdb-cd\GISnew\GIS_SDE\VEC_Editor_old.mdb</srcused><procdate Sync="TRUE">20101210</procdate><proctime Sync="TRUE">14511500</proctime></procstep><procstep><procdesc Sync="TRUE">Dataset copied.</procdesc><srcused Sync="TRUE">\\gisdb-cd\GISnew\GIS_SDE\VEC_Editor.mdb</srcused><procdate Sync="TRUE">20111223</procdate><proctime Sync="TRUE">10335100</proctime></procstep><procstep><procdesc Sync="TRUE">Dataset copied.</procdesc><srcused Sync="TRUE">\\DCD_CHOWARD\D$\WorkSpace\Scratch.mdb</srcused><procdate Sync="TRUE">20111223</procdate><proctime Sync="TRUE">11103100</proctime></procstep><procstep><procdesc Sync="TRUE">Dataset copied.</procdesc><srcused Sync="TRUE">\\dcd-fs\GISnew\GIS_SDE\Last mdbs\VEC_Editor.mdb</srcused><procdate Sync="TRUE">20180529</procdate><proctime Sync="TRUE">10202300</proctime></procstep></lineage></dataqual><dataIdInfo><envirDesc Sync="TRUE"> Version 6.2 (Build 9200) ; Esri ArcGIS 10.6.1.9270</envirDesc><dataLang><languageCode Sync="TRUE" value="eng"></languageCode><countryCode value="USA" Sync="TRUE"></countryCode></dataLang><idCitation><resTitle Sync="TRUE">PLA_DCD_Zoning</resTitle><presForm><PresFormCd Sync="TRUE" value="005"></PresFormCd></presForm></idCitation><spatRpType><SpatRepTypCd Sync="TRUE" value="001"></SpatRepTypCd></spatRpType></dataIdInfo><metainfo><langmeta Sync="TRUE">en</langmeta><metstdn Sync="TRUE">FGDC Content Standards for Digital Geospatial Metadata</metstdn><metstdv Sync="TRUE">FGDC-STD-001-1998</metstdv><mettc Sync="TRUE">local time</mettc><metc><cntinfo><cntorgp><cntper>REQUIRED: The person responsible for the metadata information.</cntper><cntorg>REQUIRED: The organization responsible for the metadata information.</cntorg></cntorgp><cntaddr><addrtype>REQUIRED: The mailing and/or physical address for the organization or individual.</addrtype><city>REQUIRED: The city of the address.</city><state>REQUIRED: The state or province of the address.</state><postal>REQUIRED: The ZIP or other postal code of the address.</postal></cntaddr><cntvoice>REQUIRED: The telephone number by which individuals can speak to the organization or individual.</cntvoice></cntinfo></metc><metd Sync="TRUE">20180531</metd></metainfo><mdLang><languageCode Sync="TRUE" value="eng"></languageCode><countryCode value="USA" Sync="TRUE"></countryCode></mdLang><mdStanName Sync="TRUE">ISO 19115 Geographic Information - Metadata</mdStanName><mdStanVer Sync="TRUE">DIS_ESRI1.0</mdStanVer><mdChar><CharSetCd Sync="TRUE" value="004"></CharSetCd></mdChar><mdHrLv><ScopeCd Sync="TRUE" value="005"></ScopeCd></mdHrLv><mdHrLvName Sync="TRUE">dataset</mdHrLvName><distinfo><resdesc Sync="TRUE">Downloadable Data</resdesc></distinfo><spdoinfo><direct Sync="TRUE">Vector</direct><ptvctinf><esriterm Name="PLA_DCD_Zoning"><efeatyp Sync="TRUE">Simple</efeatyp><efeageom code="4" Sync="TRUE"></efeageom><esritopo Sync="TRUE">FALSE</esritopo><efeacnt Sync="TRUE">0</efeacnt><spindex Sync="TRUE">FALSE</spindex><linrefer Sync="TRUE">FALSE</linrefer></esriterm></ptvctinf></spdoinfo><spref><horizsys><cordsysn><geogcsn Sync="TRUE">GCS_North_American_1983</geogcsn><projcsn Sync="TRUE">NAD_1983_StatePlane_California_III_FIPS_0403_Feet</projcsn></cordsysn><planar><planci><plance Sync="TRUE">coordinate pair</plance><plandu Sync="TRUE">survey feet</plandu><coordrep><absres Sync="TRUE">0.000250</absres><ordres Sync="TRUE">0.000250</ordres></coordrep></planci></planar><geodetic><horizdn Sync="TRUE">North American Datum of 1983</horizdn><ellips Sync="TRUE">Geodetic Reference System 80</ellips><semiaxis Sync="TRUE">6378137.000000</semiaxis><denflat Sync="TRUE">298.257222</denflat></geodetic></horizsys><vertdef><altsys><altenc Sync="TRUE">Explicit elevation coordinate included with horizontal coordinates</altenc><altres Sync="TRUE">0.000122</altres></altsys></vertdef></spref><refSysInfo><RefSystem><refSysID><identCode Sync="TRUE" code="2227">NAD_1983_StatePlane_California_III_FIPS_0403_Feet</identCode><idCodeSpace Sync="TRUE">EPSG</idCodeSpace><idVersion Sync="TRUE">5.3(9.0.0)</idVersion></refSysID></RefSystem></refSysInfo><spatRepInfo><VectSpatRep><geometObjs Name="PLA_DCD_Zoning"><geoObjTyp><GeoObjTypCd value="002" Sync="TRUE"></GeoObjTypCd></geoObjTyp><geoObjCnt Sync="TRUE">0</geoObjCnt></geometObjs><topLvl><TopoLevCd value="001" Sync="TRUE"></TopoLevCd></topLvl></VectSpatRep></spatRepInfo><eainfo><detailed Name="PLA_DCD_Zoning"><enttyp><enttypl Sync="TRUE">PLA_DCD_Zoning</enttypl><enttypt Sync="TRUE">Feature Class</enttypt><enttypc Sync="TRUE">0</enttypc></enttyp><attr><attrlabl Sync="TRUE">FID</attrlabl><attalias Sync="TRUE">FID</attalias><attrtype Sync="TRUE">OID</attrtype><attwidth Sync="TRUE">4</attwidth><atprecis Sync="TRUE">0</atprecis><attscale Sync="TRUE">0</attscale><attrdef Sync="TRUE">Internal feature number.</attrdef><attrdefs Sync="TRUE">Esri</attrdefs><attrdomv><udom Sync="TRUE">Sequential unique whole numbers that are automatically generated.</udom></attrdomv></attr><attr><attrlabl Sync="TRUE">Shape</attrlabl><attalias Sync="TRUE">Shape</attalias><attrtype Sync="TRUE">Geometry</attrtype><attwidth Sync="TRUE">0</attwidth><atprecis Sync="TRUE">0</atprecis><attscale Sync="TRUE">0</attscale><attrdef Sync="TRUE">Feature geometry.</attrdef><attrdefs Sync="TRUE">ESRI</attrdefs><attrdomv><udom Sync="TRUE">Coordinates defining the features.</udom></attrdomv></attr><attr><attrlabl Sync="TRUE">ZONING</attrlabl><attalias Sync="TRUE">ZONING</attalias><attrtype Sync="TRUE">String</attrtype><attwidth Sync="TRUE">15</attwidth><atprecis Sync="TRUE">0</atprecis><attscale Sync="TRUE">0</attscale></attr><attr><attrlabl Sync="TRUE">OVERLAY</attrlabl><attalias Sync="TRUE">OVERLAY</attalias><attrtype Sync="TRUE">String</attrtype><attwidth Sync="TRUE">15</attwidth><atprecis Sync="TRUE">0</atprecis><attscale Sync="TRUE">0</attscale></attr><attr><attrlabl Sync="TRUE">ZONE_OVER</attrlabl><attalias Sync="TRUE">ZONE_OVER</attalias><attrtype Sync="TRUE">String</attrtype><attwidth Sync="TRUE">15</attwidth><atprecis Sync="TRUE">0</atprecis><attscale Sync="TRUE">0</attscale></attr><attr><attrlabl Sync="TRUE">Zoning_Tex</attrlabl><attalias Sync="TRUE">Zoning_Tex</attalias><attrtype Sync="TRUE">String</attrtype><attwidth Sync="TRUE">50</attwidth><atprecis Sync="TRUE">0</atprecis><attscale Sync="TRUE">0</attscale></attr><attr><attrlabl Sync="TRUE">Overlay_Te</attrlabl><attalias Sync="TRUE">Overlay_Te</attalias><attrtype Sync="TRUE">String</attrtype><attwidth Sync="TRUE">70</attwidth><atprecis Sync="TRUE">0</atprecis><attscale Sync="TRUE">0</attscale></attr><attr><attrlabl Sync="TRUE">Zoning_Sta</attrlabl><attalias Sync="TRUE">Zoning_Sta</attalias><attrtype Sync="TRUE">String</attrtype><attwidth Sync="TRUE">70</attwidth><atprecis Sync="TRUE">0</atprecis><attscale Sync="TRUE">0</attscale></attr><attr><attrlabl Sync="TRUE">URL</attrlabl><attalias Sync="TRUE">URL</attalias><attrtype Sync="TRUE">String</attrtype><attwidth Sync="TRUE">250</attwidth><atprecis Sync="TRUE">0</atprecis><attscale Sync="TRUE">0</attscale></attr><attr><attrlabl Sync="TRUE">ZONE_U</attrlabl><attalias Sync="TRUE">ZONE_U</attalias><attrtype Sync="TRUE">String</attrtype><attwidth Sync="TRUE">50</attwidth><atprecis Sync="TRUE">0</atprecis><attscale Sync="TRUE">0</attscale></attr><attr><attrlabl Sync="TRUE">URL1</attrlabl><attalias Sync="TRUE">URL1</attalias><attrtype Sync="TRUE">String</attrtype><attwidth Sync="TRUE">80</attwidth><atprecis Sync="TRUE">0</atprecis><attscale Sync="TRUE">0</attscale></attr><attr><attrlabl Sync="TRUE">URL2</attrlabl><attalias Sync="TRUE">URL2</attalias><attrtype Sync="TRUE">String</attrtype><attwidth Sync="TRUE">50</attwidth><atprecis Sync="TRUE">0</atprecis><attscale Sync="TRUE">0</attscale></attr><attr><attrlabl Sync="TRUE">Shape_Leng</attrlabl><attalias Sync="TRUE">Shape_Leng</attalias><attrtype Sync="TRUE">Double</attrtype><attwidth Sync="TRUE">19</attwidth><atprecis Sync="TRUE">0</atprecis><attscale Sync="TRUE">0</attscale></attr><attr><attrlabl Sync="TRUE">Shape_Area</attrlabl><attalias Sync="TRUE">Shape_Area</attalias><attrtype Sync="TRUE">Double</attrtype><attwidth Sync="TRUE">19</attwidth><atprecis Sync="TRUE">0</atprecis><attscale Sync="TRUE">0</attscale><attrdef Sync="TRUE">Area of feature in internal units squared.</attrdef><attrdefs Sync="TRUE">ESRI</attrdefs><attrdomv><udom Sync="TRUE">Positive real numbers that are automatically generated.</udom></attrdomv></attr></detailed></eainfo><mdDateSt Sync="TRUE">20181211</mdDateSt></metadata>
