<?xml version="1.0" encoding="UTF-8"?>
<metadata xml:lang="en"><Esri><CreaDate>20200717</CreaDate><CreaTime>21332000</CreaTime><ArcGISFormat>1.0</ArcGISFormat><SyncOnce>FALSE</SyncOnce><DataProperties><lineage><Process ToolSource="c:\program files (x86)\arcgis\desktop10.6\ArcToolbox\Toolboxes\Data Management Tools.tbx\CalculateField" Date="20200717" Time="180335">CalculateField geo_export_ef6d5b23-467c-4d00-933d-47ba04a151f7 Zoning 2 VB #</Process><Process ToolSource="c:\program files (x86)\arcgis\desktop10.6\ArcToolbox\Toolboxes\Data Management Tools.tbx\CalculateField" Date="20200717" Time="185302">CalculateField geo_export_ef6d5b23-467c-4d00-933d-47ba04a151f7 Zoning 1 VB #</Process><Process ToolSource="c:\program files (x86)\arcgis\desktop10.6\ArcToolbox\Toolboxes\Data Management Tools.tbx\CalculateField" Date="20200717" Time="193806">CalculateField geo_export_ef6d5b23-467c-4d00-933d-47ba04a151f7 Zoning 2 VB #</Process><Process ToolSource="c:\program files (x86)\arcgis\desktop10.6\ArcToolbox\Toolboxes\Data Management Tools.tbx\CalculateField" Date="20200717" Time="194516">CalculateField geo_export_ef6d5b23-467c-4d00-933d-47ba04a151f7 Zoning 2 VB #</Process><Process ToolSource="c:\program files (x86)\arcgis\desktop10.6\ArcToolbox\Toolboxes\Data Management Tools.tbx\CalculateField" Date="20200717" Time="213242">CalculateField geo_export_ef6d5b23-467c-4d00-933d-47ba04a151f7 Zoning 5 VB #</Process><Process ToolSource="c:\program files (x86)\arcgis\desktop10.6\ArcToolbox\Toolboxes\Analysis Tools.tbx\Intersect" Date="20200717" Time="213841">Intersect "Oakland_zoning_new #;Municipality_bndry_2018 #" "C:\Samir\HIFIS\Segregation\Part 5\City data\Oakland zoning\Oakland_zoning_new_intersect.shp" ALL # INPUT</Process><Process ToolSource="c:\program files (x86)\arcgis\desktop10.6\ArcToolbox\Toolboxes\Data Management Tools.tbx\Merge" Date="20200717" Time="214220">Merge Oakland_zoning_new_intersect;Oakland_zoning_new "C:\Samir\HIFIS\Segregation\Part 5\City data\Oakland zoning\Oakland_zoning_new2.shp" "FID_Oaklan "FID_Oaklan" true true false 10 Long 0 10 ,First,#,Oakland_zoning_new_intersect,FID_Oaklan,-1,-1;area "area" true true false 19 Double 17 18 ,First,#,Oakland_zoning_new_intersect,area,-1,-1,Oakland_zoning_new,area,-1,-1;basezone "basezone" true true false 254 Text 0 0 ,First,#,Oakland_zoning_new_intersect,basezone,-1,-1,Oakland_zoning_new,basezone,-1,-1;date_effct "date_effct" true true false 8 Date 0 0 ,First,#,Oakland_zoning_new_intersect,date_effct,-1,-1,Oakland_zoning_new,date_effct,-1,-1;time_effct "time_effct" true true false 254 Text 0 0 ,First,#,Oakland_zoning_new_intersect,time_effct,-1,-1,Oakland_zoning_new,time_effct,-1,-1;date_expir "date_expir" true true false 8 Date 0 0 ,First,#,Oakland_zoning_new_intersect,date_expir,-1,-1,Oakland_zoning_new,date_expir,-1,-1;time_expir "time_expir" true true false 254 Text 0 0 ,First,#,Oakland_zoning_new_intersect,time_expir,-1,-1,Oakland_zoning_new,time_expir,-1,-1;ordinance "ordinance" true true false 254 Text 0 0 ,First,#,Oakland_zoning_new_intersect,ordinance,-1,-1,Oakland_zoning_new,ordinance,-1,-1;overlay "overlay" true true false 254 Text 0 0 ,First,#,Oakland_zoning_new_intersect,overlay,-1,-1,Oakland_zoning_new,overlay,-1,-1;perimeter "perimeter" true true false 19 Double 17 18 ,First,#,Oakland_zoning_new_intersect,perimeter,-1,-1,Oakland_zoning_new,perimeter,-1,-1;date_updat "date_updat" true true false 8 Date 0 0 ,First,#,Oakland_zoning_new_intersect,date_updat,-1,-1,Oakland_zoning_new,date_updat,-1,-1;time_updat "time_updat" true true false 254 Text 0 0 ,First,#,Oakland_zoning_new_intersect,time_updat,-1,-1,Oakland_zoning_new,time_updat,-1,-1;znlabel "znlabel" true true false 254 Text 0 0 ,First,#,Oakland_zoning_new_intersect,znlabel,-1,-1,Oakland_zoning_new,znlabel,-1,-1;Zoning "Zoning" true true false 5 Long 0 5 ,First,#,Oakland_zoning_new_intersect,Zoning,-1,-1,Oakland_zoning_new,Zoning,-1,-1;FID_Munici "FID_Munici" true true false 10 Long 0 10 ,First,#,Oakland_zoning_new_intersect,FID_Munici,-1,-1;OBJECTID "OBJECTID" true true false 10 Long 0 10 ,First,#,Oakland_zoning_new_intersect,OBJECTID,-1,-1;ID "ID" true true false 7 Text 0 0 ,First,#,Oakland_zoning_new_intersect,ID,-1,-1;NAME "NAME" true true false 57 Text 0 0 ,First,#,Oakland_zoning_new_intersect,NAME,-1,-1;RG_NAME "RG_NAME" true true false 20 Text 0 0 ,First,#,Oakland_zoning_new_intersect,RG_NAME,-1,-1;RG_ABBREV "RG_ABBREV" true true false 2 Text 0 0 ,First,#,Oakland_zoning_new_intersect,RG_ABBREV,-1,-1"</Process><Process ToolSource="c:\program files (x86)\arcgis\desktop10.6\ArcToolbox\Toolboxes\Data Management Tools.tbx\CalculateField" Date="20200717" Time="214442">CalculateField Oakland_zoning_new2 Zoning 2 VB #</Process><Process ToolSource="c:\program files (x86)\arcgis\desktop10.6\ArcToolbox\Toolboxes\Data Management Tools.tbx\CalculateField" Date="20200717" Time="214503">CalculateField Oakland_zoning_new2 Zoning 0 VB #</Process><Process ToolSource="c:\program files (x86)\arcgis\desktop10.6\ArcToolbox\Toolboxes\Data Management Tools.tbx\CalculateField" Date="20200717" Time="215022">CalculateField Oakland_zoning_new2 Zoning 0 VB #</Process><Process ToolSource="c:\program files (x86)\arcgis\desktop10.6\ArcToolbox\Toolboxes\Data Management Tools.tbx\CalculateField" Date="20200718" Time="005449">CalculateField Oakland_zoning_new2 Zoning 2 VB #</Process><Process ToolSource="c:\program files (x86)\arcgis\desktop10.6\ArcToolbox\Toolboxes\Data Management Tools.tbx\CalculateField" Date="20200718" Time="224920">CalculateField Oakland_zoning_new2 Zoning 2 VB #</Process><Process ToolSource="c:\program files (x86)\arcgis\desktop10.6\ArcToolbox\Toolboxes\Data Management Tools.tbx\CalculateField" Date="20200718" Time="232449">CalculateField Oakland_zoning_new2 Zoning 2 VB #</Process><Process ToolSource="c:\program files (x86)\arcgis\desktop10.6\ArcToolbox\Toolboxes\Data Management Tools.tbx\CalculateField" Date="20200718" Time="233503">CalculateField Oakland_zoning_new2 Zoning 2 VB #</Process><Process ToolSource="c:\program files (x86)\arcgis\desktop10.6\ArcToolbox\Toolboxes\Data Management Tools.tbx\CalculateField" Date="20200718" Time="234704">CalculateField Oakland_zoning_new2 Zoning 2 VB #</Process><Process ToolSource="c:\program files (x86)\arcgis\desktop10.6\ArcToolbox\Toolboxes\Data Management Tools.tbx\CalculateField" Date="20200718" Time="235954">CalculateField Oakland_zoning_new2 Zoning 2 VB #</Process><Process ToolSource="c:\program files (x86)\arcgis\desktop10.6\ArcToolbox\Toolboxes\Data Management Tools.tbx\CalculateField" Date="20200719" Time="000441">CalculateField Oakland_zoning_new2 Zoning 2 VB #</Process><Process ToolSource="c:\program files (x86)\arcgis\desktop10.6\ArcToolbox\Toolboxes\Data Management Tools.tbx\CalculateField" Date="20200719" Time="002130">CalculateField Oakland_zoning_new2 Zoning 2 VB #</Process><Process ToolSource="c:\program files (x86)\arcgis\desktop10.6\ArcToolbox\Toolboxes\Data Management Tools.tbx\CalculateField" Date="20200719" Time="014951">CalculateField Oakland_zoning_new2 Zoning 2 VB #</Process></lineage><itemProps><itemName Sync="TRUE">Oakland_zoning_new2</itemName><imsContentType Sync="TRUE">002</imsContentType><itemSize Sync="TRUE">0.000</itemSize><itemLocation><linkage Sync="TRUE">file://\\SAMIRWORK\C\Samir\HIFIS\Segregation\Part 5\City data\Oakland zoning\Oakland_zoning_new2.shp</linkage><protocol Sync="TRUE">Local Area Network</protocol></itemLocation></itemProps><coordRef><type Sync="TRUE">Geographic</type><geogcsn Sync="TRUE">WGS84(DD)</geogcsn><csUnits Sync="TRUE">Angular Unit: degree (0.017453)</csUnits><peXml Sync="TRUE">&lt;GeographicCoordinateSystem xsi:type='typens:GeographicCoordinateSystem' xmlns:xsi='http://www.w3.org/2001/XMLSchema-instance' xmlns:xs='http://www.w3.org/2001/XMLSchema' xmlns:typens='http://www.esri.com/schemas/ArcGIS/10.6'&gt;&lt;WKT&gt;GEOGCS[&amp;quot;WGS84(DD)&amp;quot;,DATUM[&amp;quot;WGS84&amp;quot;,SPHEROID[&amp;quot;WGS84&amp;quot;,6378137.0,298.257223563]],PRIMEM[&amp;quot;Greenwich&amp;quot;,0.0],UNIT[&amp;quot;degree&amp;quot;,0.0174532925199433]]&lt;/WKT&gt;&lt;XOrigin&gt;-400&lt;/XOrigin&gt;&lt;YOrigin&gt;-400&lt;/YOrigin&gt;&lt;XYScale&gt;11258999068426.238&lt;/XYScale&gt;&lt;ZOrigin&gt;-100000&lt;/ZOrigin&gt;&lt;ZScale&gt;10000&lt;/ZScale&gt;&lt;MOrigin&gt;-100000&lt;/MOrigin&gt;&lt;MScale&gt;10000&lt;/MScale&gt;&lt;XYTolerance&gt;8.983152841195215e-09&lt;/XYTolerance&gt;&lt;ZTolerance&gt;0.001&lt;/ZTolerance&gt;&lt;MTolerance&gt;0.001&lt;/MTolerance&gt;&lt;HighPrecision&gt;true&lt;/HighPrecision&gt;&lt;LeftLongitude&gt;-180&lt;/LeftLongitude&gt;&lt;/GeographicCoordinateSystem&gt;</peXml></coordRef></DataProperties><SyncDate>20200717</SyncDate><SyncTime>21421600</SyncTime><ModDate>20200717</ModDate><ModTime>21421600</ModTime></Esri><dataIdInfo><envirDesc Sync="TRUE"> Version 6.2 (Build 9200) ; Esri ArcGIS 10.6.1.9270</envirDesc><dataLang><languageCode value="eng" Sync="TRUE"></languageCode><countryCode value="CAN" Sync="TRUE"></countryCode></dataLang><idCitation><resTitle Sync="TRUE">Oakland_zoning_new2</resTitle><presForm><PresFormCd value="005" Sync="TRUE"></PresFormCd></presForm></idCitation><spatRpType><SpatRepTypCd value="001" Sync="TRUE"></SpatRepTypCd></spatRpType></dataIdInfo><mdLang><languageCode value="eng" Sync="TRUE"></languageCode><countryCode value="CAN" Sync="TRUE"></countryCode></mdLang><mdChar><CharSetCd value="004" Sync="TRUE"></CharSetCd></mdChar><distInfo><distFormat><formatName Sync="TRUE">Shapefile</formatName></distFormat><distTranOps><transSize Sync="TRUE">0.000</transSize></distTranOps></distInfo><mdHrLv><ScopeCd value="005" Sync="TRUE"></ScopeCd></mdHrLv><mdHrLvName Sync="TRUE">dataset</mdHrLvName><refSysInfo><RefSystem><refSysID><identCode code="0" Sync="TRUE"></identCode></refSysID></RefSystem></refSysInfo><spatRepInfo><VectSpatRep><geometObjs Name="Oakland_zoning_new2"><geoObjTyp><GeoObjTypCd value="002" Sync="TRUE"></GeoObjTypCd></geoObjTyp><geoObjCnt Sync="TRUE">0</geoObjCnt></geometObjs><topLvl><TopoLevCd value="001" Sync="TRUE"></TopoLevCd></topLvl></VectSpatRep></spatRepInfo><spdoinfo><ptvctinf><esriterm Name="Oakland_zoning_new2"><efeatyp Sync="TRUE">Simple</efeatyp><efeageom code="4" Sync="TRUE"></efeageom><esritopo Sync="TRUE">FALSE</esritopo><efeacnt Sync="TRUE">0</efeacnt><spindex Sync="TRUE">FALSE</spindex><linrefer Sync="TRUE">FALSE</linrefer></esriterm></ptvctinf></spdoinfo><eainfo><detailed Name="Oakland_zoning_new2"><enttyp><enttypl Sync="TRUE">Oakland_zoning_new2</enttypl><enttypt Sync="TRUE">Feature Class</enttypt><enttypc Sync="TRUE">0</enttypc></enttyp><attr><attrlabl Sync="TRUE">FID</attrlabl><attalias Sync="TRUE">FID</attalias><attrtype Sync="TRUE">OID</attrtype><attwidth Sync="TRUE">4</attwidth><atprecis Sync="TRUE">0</atprecis><attscale Sync="TRUE">0</attscale><attrdef Sync="TRUE">Internal feature number.</attrdef><attrdefs Sync="TRUE">Esri</attrdefs><attrdomv><udom Sync="TRUE">Sequential unique whole numbers that are automatically generated.</udom></attrdomv></attr><attr><attrlabl Sync="TRUE">Shape</attrlabl><attalias Sync="TRUE">Shape</attalias><attrtype Sync="TRUE">Geometry</attrtype><attwidth Sync="TRUE">0</attwidth><atprecis Sync="TRUE">0</atprecis><attscale Sync="TRUE">0</attscale><attrdef Sync="TRUE">Feature geometry.</attrdef><attrdefs Sync="TRUE">Esri</attrdefs><attrdomv><udom Sync="TRUE">Coordinates defining the features.</udom></attrdomv></attr><attr><attrlabl Sync="TRUE">FID_Oaklan</attrlabl><attalias Sync="TRUE">FID_Oaklan</attalias><attrtype Sync="TRUE">Integer</attrtype><attwidth Sync="TRUE">10</attwidth><atprecis Sync="TRUE">10</atprecis><attscale Sync="TRUE">0</attscale></attr><attr><attrlabl Sync="TRUE">area</attrlabl><attalias Sync="TRUE">area</attalias><attrtype Sync="TRUE">Double</attrtype><attwidth Sync="TRUE">19</attwidth><atprecis Sync="TRUE">18</atprecis><attscale Sync="TRUE">17</attscale></attr><attr><attrlabl Sync="TRUE">basezone</attrlabl><attalias Sync="TRUE">basezone</attalias><attrtype Sync="TRUE">String</attrtype><attwidth Sync="TRUE">254</attwidth><atprecis Sync="TRUE">0</atprecis><attscale Sync="TRUE">0</attscale></attr><attr><attrlabl Sync="TRUE">date_effct</attrlabl><attalias Sync="TRUE">date_effct</attalias><attrtype Sync="TRUE">Date</attrtype><attwidth Sync="TRUE">8</attwidth><atprecis Sync="TRUE">0</atprecis><attscale Sync="TRUE">0</attscale></attr><attr><attrlabl Sync="TRUE">time_effct</attrlabl><attalias Sync="TRUE">time_effct</attalias><attrtype Sync="TRUE">String</attrtype><attwidth Sync="TRUE">254</attwidth><atprecis Sync="TRUE">0</atprecis><attscale Sync="TRUE">0</attscale></attr><attr><attrlabl Sync="TRUE">date_expir</attrlabl><attalias Sync="TRUE">date_expir</attalias><attrtype Sync="TRUE">Date</attrtype><attwidth Sync="TRUE">8</attwidth><atprecis Sync="TRUE">0</atprecis><attscale Sync="TRUE">0</attscale></attr><attr><attrlabl Sync="TRUE">time_expir</attrlabl><attalias Sync="TRUE">time_expir</attalias><attrtype Sync="TRUE">String</attrtype><attwidth Sync="TRUE">254</attwidth><atprecis Sync="TRUE">0</atprecis><attscale Sync="TRUE">0</attscale></attr><attr><attrlabl Sync="TRUE">ordinance</attrlabl><attalias Sync="TRUE">ordinance</attalias><attrtype Sync="TRUE">String</attrtype><attwidth Sync="TRUE">254</attwidth><atprecis Sync="TRUE">0</atprecis><attscale Sync="TRUE">0</attscale></attr><attr><attrlabl Sync="TRUE">overlay</attrlabl><attalias Sync="TRUE">overlay</attalias><attrtype Sync="TRUE">String</attrtype><attwidth Sync="TRUE">254</attwidth><atprecis Sync="TRUE">0</atprecis><attscale Sync="TRUE">0</attscale></attr><attr><attrlabl Sync="TRUE">perimeter</attrlabl><attalias Sync="TRUE">perimeter</attalias><attrtype Sync="TRUE">Double</attrtype><attwidth Sync="TRUE">19</attwidth><atprecis Sync="TRUE">18</atprecis><attscale Sync="TRUE">17</attscale></attr><attr><attrlabl Sync="TRUE">date_updat</attrlabl><attalias Sync="TRUE">date_updat</attalias><attrtype Sync="TRUE">Date</attrtype><attwidth Sync="TRUE">8</attwidth><atprecis Sync="TRUE">0</atprecis><attscale Sync="TRUE">0</attscale></attr><attr><attrlabl Sync="TRUE">time_updat</attrlabl><attalias Sync="TRUE">time_updat</attalias><attrtype Sync="TRUE">String</attrtype><attwidth Sync="TRUE">254</attwidth><atprecis Sync="TRUE">0</atprecis><attscale Sync="TRUE">0</attscale></attr><attr><attrlabl Sync="TRUE">znlabel</attrlabl><attalias Sync="TRUE">znlabel</attalias><attrtype Sync="TRUE">String</attrtype><attwidth Sync="TRUE">254</attwidth><atprecis Sync="TRUE">0</atprecis><attscale Sync="TRUE">0</attscale></attr><attr><attrlabl Sync="TRUE">Zoning</attrlabl><attalias Sync="TRUE">Zoning</attalias><attrtype Sync="TRUE">Integer</attrtype><attwidth Sync="TRUE">5</attwidth><atprecis Sync="TRUE">5</atprecis><attscale Sync="TRUE">0</attscale></attr><attr><attrlabl Sync="TRUE">FID_Munici</attrlabl><attalias Sync="TRUE">FID_Munici</attalias><attrtype Sync="TRUE">Integer</attrtype><attwidth Sync="TRUE">10</attwidth><atprecis Sync="TRUE">10</atprecis><attscale Sync="TRUE">0</attscale></attr><attr><attrlabl Sync="TRUE">OBJECTID</attrlabl><attalias Sync="TRUE">OBJECTID</attalias><attrtype Sync="TRUE">Integer</attrtype><attwidth Sync="TRUE">10</attwidth><atprecis Sync="TRUE">10</atprecis><attscale Sync="TRUE">0</attscale></attr><attr><attrlabl Sync="TRUE">ID</attrlabl><attalias Sync="TRUE">ID</attalias><attrtype Sync="TRUE">String</attrtype><attwidth Sync="TRUE">7</attwidth><atprecis Sync="TRUE">0</atprecis><attscale Sync="TRUE">0</attscale></attr><attr><attrlabl Sync="TRUE">NAME</attrlabl><attalias Sync="TRUE">NAME</attalias><attrtype Sync="TRUE">String</attrtype><attwidth Sync="TRUE">57</attwidth><atprecis Sync="TRUE">0</atprecis><attscale Sync="TRUE">0</attscale></attr><attr><attrlabl Sync="TRUE">RG_NAME</attrlabl><attalias Sync="TRUE">RG_NAME</attalias><attrtype Sync="TRUE">String</attrtype><attwidth Sync="TRUE">20</attwidth><atprecis Sync="TRUE">0</atprecis><attscale Sync="TRUE">0</attscale></attr><attr><attrlabl Sync="TRUE">RG_ABBREV</attrlabl><attalias Sync="TRUE">RG_ABBREV</attalias><attrtype Sync="TRUE">String</attrtype><attwidth Sync="TRUE">2</attwidth><atprecis Sync="TRUE">0</atprecis><attscale Sync="TRUE">0</attscale></attr></detailed></eainfo><mdDateSt Sync="TRUE">20200717</mdDateSt></metadata>
