<?xml version="1.0" encoding="UTF-8"?>
<metadata xml:lang="en"><Esri><CreaDate>20200827</CreaDate><CreaTime>00131600</CreaTime><ArcGISFormat>1.0</ArcGISFormat><ArcGISstyle>FGDC CSDGM Metadata</ArcGISstyle><SyncOnce>FALSE</SyncOnce><DataProperties><lineage><Process ToolSource="c:\program files (x86)\arcgis\desktop10.4\ArcToolbox\Toolboxes\Data Management Tools.tbx\CalculateField" Date="20170921" Time="151046">CalculateField SP_GP2016_Zon170412_Rev170921_Q3 Q3_SqFt [LandSizeSq] VB #</Process><Process ToolSource="c:\program files (x86)\arcgis\desktop10.4\ArcToolbox\Toolboxes\Data Management Tools.tbx\CalculateField" Date="20170921" Time="151215">CalculateField SP_GP2016_Zon170412_Rev170921_Q3 Q3_SqFt [GIS_SqFt] VB #</Process><Process ToolSource="c:\program files (x86)\arcgis\desktop10.4\ArcToolbox\Toolboxes\Data Management Tools.tbx\CalculateField" Date="20170921" Time="151430">CalculateField SP_GP2016_Zon170412_Rev170921_Q3 Q3_SqFt "[LandSizeAc] *43560" VB #</Process><Process ToolSource="c:\program files (x86)\arcgis\desktop10.4\ArcToolbox\Toolboxes\Data Management Tools.tbx\CalculateField" Date="20170921" Time="151830">CalculateField SP_GP2016_Zon170412_Rev170921_Q3 Q3_SqFt [GIS_SqFt] VB #</Process><Process ToolSource="c:\program files (x86)\arcgis\desktop10.4\ArcToolbox\Toolboxes\Data Management Tools.tbx\CalculateField" Date="20170922" Time="083918">CalculateField SP_GP2016_Zon170412_Rev170921_Q3 Q3_NonCon "X" VB #</Process><Process ToolSource="c:\program files (x86)\arcgis\desktop10.4\ArcToolbox\Toolboxes\Data Management Tools.tbx\CalculateField" Date="20170922" Time="084016">CalculateField SP_GP2016_Zon170412_Rev170921_Q3 Q3_NonCon "X" VB #</Process><Process ToolSource="c:\program files (x86)\arcgis\desktop10.4\ArcToolbox\Toolboxes\Data Management Tools.tbx\CalculateField" Date="20170922" Time="084120">CalculateField SP_GP2016_Zon170412_Rev170921_Q3 Q3_NonCon "X" VB #</Process><Process ToolSource="c:\program files (x86)\arcgis\desktop10.4\ArcToolbox\Toolboxes\Data Management Tools.tbx\CalculateField" Date="20170922" Time="084401">CalculateField SP_GP2016_Zon170412_Rev170921_Q3 Q3_NonCon "X-corner" VB #</Process><Process ToolSource="c:\program files (x86)\arcgis\desktop10.4\ArcToolbox\Toolboxes\Data Management Tools.tbx\CalculateField" Date="20170922" Time="084541">CalculateField SP_GP2016_Zon170412_Rev170921_Q3 Q3_NonCon "X" VB #</Process><Process ToolSource="c:\program files (x86)\arcgis\desktop10.4\ArcToolbox\Toolboxes\Data Management Tools.tbx\CalculateField" Date="20170922" Time="085516">CalculateField SP_GP2016_Zon170412_Rev170921_Q3 Q3_NonCon "X-corner" VB #</Process><Process ToolSource="c:\program files (x86)\arcgis\desktop10.4\ArcToolbox\Toolboxes\Data Management Tools.tbx\CalculateField" Date="20170922" Time="090031">CalculateField SP_GP2016_Zon170412_Rev170921_Q3 Q3_NonCon "X" VB #</Process><Process ToolSource="c:\program files (x86)\arcgis\desktop10.4\ArcToolbox\Toolboxes\Data Management Tools.tbx\CalculateField" Date="20170922" Time="090245">CalculateField SP_GP2016_Zon170412_Rev170921_Q3 Q3_NonCon "X-corner" VB #</Process><Process ToolSource="c:\program files (x86)\arcgis\desktop10.4\ArcToolbox\Toolboxes\Data Management Tools.tbx\CalculateField" Date="20170922" Time="090750">CalculateField SP_GP2016_Zon170412_Rev170921_Q3 ZONE_2017 "PC" VB #</Process><Process ToolSource="c:\program files (x86)\arcgis\desktop10.4\ArcToolbox\Toolboxes\Data Management Tools.tbx\CalculateField" Date="20170922" Time="091644">CalculateField SP_GP2016_Zon170412_Rev170921_Q3 Q3_NonCon "X" VB #</Process><Process ToolSource="c:\program files (x86)\arcgis\desktop10.4\ArcToolbox\Toolboxes\Data Management Tools.tbx\CalculateField" Date="20170922" Time="091912">CalculateField SP_GP2016_Zon170412_Rev170921_Q3 Q3_NonCon "X-corner" VB #</Process><Process ToolSource="c:\program files (x86)\arcgis\desktop10.5\ArcToolbox\Toolboxes\Data Management Tools.tbx\CalculateField" Date="20171128" Time="151916">CalculateField "SP_GP2016_Zon170412_Rev170921_Rev171128 (Set 4)" ZONE_2017 "RSF-1" VB #</Process><Process ToolSource="c:\program files (x86)\arcgis\desktop10.5\ArcToolbox\Toolboxes\Data Management Tools.tbx\CalculateField" Date="20171128" Time="152021">CalculateField "SP_GP2016_Zon170412_Rev170921_Rev171128 (Set 4)" ZONE_2017 "RSF-1" VB #</Process><Process ToolSource="c:\program files (x86)\arcgis\desktop10.5\ArcToolbox\Toolboxes\Data Management Tools.tbx\CalculateField" Date="20171128" Time="152417">CalculateField "SP_GP2016_Zon170412_Rev170921_Rev171128 (Set 4)" ZONE_2017 "RSF-2" VB #</Process><Process ToolSource="c:\program files (x86)\arcgis\desktop10.5\ArcToolbox\Toolboxes\Data Management Tools.tbx\CalculateField" Date="20171128" Time="152830">CalculateField "SP_GP2016_Zon170412_Rev170921_Rev171128 (Set 4)" ZONE_2017 "RM-M" VB #</Process><Process ToolSource="c:\program files (x86)\arcgis\desktop10.5\ArcToolbox\Toolboxes\Data Management Tools.tbx\CalculateField" Date="20171128" Time="153002">CalculateField "SP_GP2016_Zon170412_Rev170921_Rev171128 (Set 4)" ZONE_2017 "RSF-2" VB #</Process><Process ToolSource="c:\program files (x86)\arcgis\desktop10.5\ArcToolbox\Toolboxes\Data Management Tools.tbx\CalculateField" Date="20171128" Time="153339">CalculateField "SP_GP2016_Zon170412_Rev170921_Rev171128 (Set 4)" ZONE_2017 "COUNTY" VB #</Process><Process ToolSource="c:\program files (x86)\arcgis\desktop10.5\ArcToolbox\Toolboxes\Data Management Tools.tbx\CalculateField" Date="20171128" Time="153449">CalculateField "SP_GP2016_Zon170412_Rev170921_Rev171128 (Set 4)" ZONE_2017 "COMMON" VB #</Process><Process ToolSource="c:\program files (x86)\arcgis\desktop10.5\ArcToolbox\Toolboxes\Data Management Tools.tbx\CalculateField" Date="20171128" Time="153626">CalculateField "SP_GP2016_Zon170412_Rev170921_Rev171128 (Set 4)" ZONE_2017 "PC" VB #</Process><Process ToolSource="c:\program files (x86)\arcgis\desktop10.5\ArcToolbox\Toolboxes\Data Management Tools.tbx\CalculateField" Date="20171128" Time="153643">CalculateField "SP_GP2016_Zon170412_Rev170921_Rev171128 (Set 4)" ZONE_2017 "RSF-2" VB #</Process><Process ToolSource="c:\program files (x86)\arcgis\desktop10.5\ArcToolbox\Toolboxes\Data Management Tools.tbx\CalculateField" Date="20171128" Time="153656">CalculateField "SP_GP2016_Zon170412_Rev170921_Rev171128 (Set 4)" ZONE_2017 "RM-M" VB #</Process><Process ToolSource="c:\program files (x86)\arcgis\desktop10.5\ArcToolbox\Toolboxes\Data Management Tools.tbx\CalculateField" Date="20171128" Time="153709">CalculateField "SP_GP2016_Zon170412_Rev170921_Rev171128 (Set 4)" ZONE_2017 "PC" VB #</Process><Process ToolSource="c:\program files (x86)\arcgis\desktop10.5\ArcToolbox\Toolboxes\Data Management Tools.tbx\CalculateField" Date="20171128" Time="153724">CalculateField "SP_GP2016_Zon170412_Rev170921_Rev171128 (Set 4)" ZONE_2017 "RM-H" VB #</Process><Process ToolSource="c:\program files (x86)\arcgis\desktop10.5\ArcToolbox\Toolboxes\Data Management Tools.tbx\CalculateField" Date="20171128" Time="153733">CalculateField "SP_GP2016_Zon170412_Rev170921_Rev171128 (Set 4)" ZONE_2017 "RM-H" VB #</Process><Process ToolSource="c:\program files (x86)\arcgis\desktop10.5\ArcToolbox\Toolboxes\Data Management Tools.tbx\CalculateField" Date="20171128" Time="153746">CalculateField "SP_GP2016_Zon170412_Rev170921_Rev171128 (Set 4)" ZONE_2017 "PC" VB #</Process><Process ToolSource="c:\program files (x86)\arcgis\desktop10.5\ArcToolbox\Toolboxes\Data Management Tools.tbx\CalculateField" Date="20171128" Time="155641">CalculateField "SP_GP2016_Zon170412_Rev170921_Rev171128 (Set 4)" SPLIT_ID [APN] VB #</Process><Process ToolSource="c:\program files (x86)\arcgis\desktop10.5\ArcToolbox\Toolboxes\Data Management Tools.tbx\CalculateField" Date="20171128" Time="160246">CalculateField "SP_GP2016_Zon170412_Rev170921_Rev171128 (Set 4)" ZONE_MapA [ZONE_NEW] VB #</Process><Process ToolSource="c:\program files (x86)\arcgis\desktop10.5\ArcToolbox\Toolboxes\Data Management Tools.tbx\CalculateField" Date="20171128" Time="160456">CalculateField "SP_GP2016_Zon170412_Rev170921_Rev171128 (Set 4)" ZONE_MapA "RSF-1" VB #</Process><Process ToolSource="c:\program files (x86)\arcgis\desktop10.5\ArcToolbox\Toolboxes\Data Management Tools.tbx\CalculateField" Date="20171128" Time="160551">CalculateField "SP_GP2016_Zon170412_Rev170921_Rev171128 (Set 4)" ZONE_MapA "CO" VB #</Process><Process ToolSource="c:\program files (x86)\arcgis\desktop10.5\ArcToolbox\Toolboxes\Data Management Tools.tbx\CalculateField" Date="20171128" Time="163026">CalculateField "SP_GP2016_Zon170412_Rev170921_Rev171128 (Set 4)" ZONE_MpA [ZONE_MapA] VB #</Process><Process ToolSource="c:\program files (x86)\arcgis\desktop10.5\ArcToolbox\Toolboxes\Data Management Tools.tbx\CalculateField" Date="20171128" Time="163119">CalculateField "SP_GP2016_Zon170412_Rev170921_Rev171128 (Set 4)" ZONE_MapA [ZONE_MpA] VB #</Process><Process ToolSource="c:\program files (x86)\arcgis\desktop10.5\ArcToolbox\Toolboxes\Data Management Tools.tbx\CalculateField" Date="20171128" Time="163917">CalculateField "SP_GP2016_Zon170412_Rev170921_Rev171128 (Set 4)" ZONE_MapA [ZONE_2017] VB #</Process><Process ToolSource="c:\program files (x86)\arcgis\desktop10.5\ArcToolbox\Toolboxes\Data Management Tools.tbx\CalculateField" Date="20171128" Time="164257">CalculateField "SP_GP2016_Zon170412_Rev170921_Rev171128 (Set 4)" MpANonCon "Residential" VB #</Process><Process ToolSource="c:\program files (x86)\arcgis\desktop10.5\ArcToolbox\Toolboxes\Data Management Tools.tbx\CalculateField" Date="20171128" Time="164813">CalculateField "SP_GP2016_Zon170412_Rev170921_Rev171128 (Set 4)" MpANonCon "Residential" VB #</Process><Process ToolSource="c:\program files (x86)\arcgis\desktop10.5\ArcToolbox\Toolboxes\Data Management Tools.tbx\CalculateField" Date="20171128" Time="165040">CalculateField "SP_GP2016_Zon170412_Rev170921_Rev171128 (Set 4)" MpANonCon "Residential-Corner" VB #</Process><Process ToolSource="c:\program files (x86)\arcgis\desktop10.5\ArcToolbox\Toolboxes\Data Management Tools.tbx\CalculateField" Date="20171128" Time="165904">CalculateField "SP_GP2016_Zon170412_Rev170921_Rev171128 (Set 4)" MpANonCon "Residential" VB #</Process><Process ToolSource="c:\program files (x86)\arcgis\desktop10.5\ArcToolbox\Toolboxes\Data Management Tools.tbx\CalculateField" Date="20171128" Time="170037">CalculateField "SP_GP2016_Zon170412_Rev170921_Rev171128 (Set 4)" MpANonCon [NewNonCon] VB #</Process><Process ToolSource="c:\program files (x86)\arcgis\desktop10.5\ArcToolbox\Toolboxes\Data Management Tools.tbx\CalculateField" Date="20171128" Time="170724">CalculateField "SP_GP2016_Zon170412_Rev170921_Rev171128 (Set 4)" MpANonCon "Residential" VB #</Process><Process ToolSource="c:\program files (x86)\arcgis\desktop10.5\ArcToolbox\Toolboxes\Data Management Tools.tbx\CalculateField" Date="20171128" Time="170827">CalculateField "SP_GP2016_Zon170412_Rev170921_Rev171128 (Set 4)" MpANonCon [NewNonCon] VB #</Process><Process ToolSource="c:\program files (x86)\arcgis\desktop10.5\ArcToolbox\Toolboxes\Data Management Tools.tbx\CalculateField" Date="20171128" Time="171126">CalculateField "SP_GP2016_Zon170412_Rev170921_Rev171128 (Set 4)" MpANonCon "Residential" VB #</Process><Process ToolSource="c:\program files (x86)\arcgis\desktop10.5\ArcToolbox\Toolboxes\Data Management Tools.tbx\CalculateField" Date="20171128" Time="171917">CalculateField "SP_GP2016_Zon170412_Rev170921_Rev171128 (Set 4)" MpANonCon "" VB #</Process><Process ToolSource="c:\program files (x86)\arcgis\desktop10.5\ArcToolbox\Toolboxes\Data Management Tools.tbx\CalculateField" Date="20171129" Time="075555">CalculateField "SP_GP2016_Zon170412_Rev170921_Rev171128 (Set 4)" MpANonCon "TH-Conforms" VB #</Process><Process ToolSource="c:\program files (x86)\arcgis\desktop10.5\ArcToolbox\Toolboxes\Data Management Tools.tbx\CalculateField" Date="20171129" Time="075652">CalculateField "SP_GP2016_Zon170412_Rev170921_Rev171128 (Set 4)" MpANonCon "Residential" VB #</Process><Process ToolSource="c:\program files (x86)\arcgis\desktop10.5\ArcToolbox\Toolboxes\Data Management Tools.tbx\CalculateField" Date="20171129" Time="075804">CalculateField "SP_GP2016_Zon170412_Rev170921_Rev171128 (Set 4)" MpANonCon "Residential" VB #</Process><Process ToolSource="c:\program files (x86)\arcgis\desktop10.5\ArcToolbox\Toolboxes\Data Management Tools.tbx\CalculateField" Date="20171129" Time="075930">CalculateField "SP_GP2016_Zon170412_Rev170921_Rev171128 (Set 4)" MpANonCon "Residential - Corner" VB #</Process><Process ToolSource="c:\program files (x86)\arcgis\desktop10.5\ArcToolbox\Toolboxes\Data Management Tools.tbx\CalculateField" Date="20171129" Time="080005">CalculateField "SP_GP2016_Zon170412_Rev170921_Rev171128 (Set 4)" MpANonCon "Residential - Corner" VB #</Process><Process ToolSource="c:\program files (x86)\arcgis\desktop10.5\ArcToolbox\Toolboxes\Data Management Tools.tbx\CalculateField" Date="20171129" Time="080856">CalculateField "SP_GP2016_Zon170412_Rev170921_Rev171128 (Set 4)" MpANonCon "Removed" VB #</Process><Process ToolSource="c:\program files (x86)\arcgis\desktop10.5\ArcToolbox\Toolboxes\Data Management Tools.tbx\CalculateField" Date="20171129" Time="085327">CalculateField "SP_GP2016_Zon170412_Rev170921_Rev171128 (Set 4)" ZONE_MapA "PC" VB #</Process><Process ToolSource="c:\program files (x86)\arcgis\desktop10.5\ArcToolbox\Toolboxes\Data Management Tools.tbx\CalculateField" Date="20171129" Time="085345">CalculateField "SP_GP2016_Zon170412_Rev170921_Rev171128 (Set 4)" ZONE_MapA "PC" VB #</Process><Process ToolSource="c:\program files (x86)\arcgis\desktop10.5\ArcToolbox\Toolboxes\Data Management Tools.tbx\CalculateField" Date="20171129" Time="100124">CalculateField "SP_GP2016_Zon170412_Rev170921_Rev171128 (Set 4)" ZONE_MapA "RD-2" VB #</Process><Process ToolSource="c:\program files (x86)\arcgis\desktop10.5\ArcToolbox\Toolboxes\Data Management Tools.tbx\CalculateField" Date="20171129" Time="100218">CalculateField "SP_GP2016_Zon170412_Rev170921_Rev171128 (Set 4)" MpANonCon "" VB #</Process><Process ToolSource="c:\program files (x86)\arcgis\desktop10.5\ArcToolbox\Toolboxes\Data Management Tools.tbx\CalculateField" Date="20171129" Time="100350">CalculateField "SP_GP2016_Zon170412_Rev170921_Rev171128 (Set 4)" ZONE_MapA "C-M" VB #</Process><Process ToolSource="c:\program files (x86)\arcgis\desktop10.5\ArcToolbox\Toolboxes\Data Management Tools.tbx\CalculateField" Date="20171129" Time="100431">CalculateField "SP_GP2016_Zon170412_Rev170921_Rev171128 (Set 4)" ZONE_MapA "C-M" VB #</Process><Process ToolSource="c:\program files (x86)\arcgis\desktop10.5\ArcToolbox\Toolboxes\Data Management Tools.tbx\CalculateField" Date="20171129" Time="100457">CalculateField "SP_GP2016_Zon170412_Rev170921_Rev171128 (Set 4)" ZONE_MapA "CM" VB #</Process><Process ToolSource="c:\program files (x86)\arcgis\desktop10.5\ArcToolbox\Toolboxes\Data Management Tools.tbx\CalculateField" Date="20171129" Time="100646">CalculateField "SP_GP2016_Zon170412_Rev170921_Rev171128 (Set 4)" ZONE_MapA "CM" VB #</Process><Process ToolSource="c:\program files (x86)\arcgis\desktop10.5\ArcToolbox\Toolboxes\Data Management Tools.tbx\CalculateField" Date="20171129" Time="101250">CalculateField "SP_GP2016_Zon170412_Rev170921_Rev171128 (Set 4)" ZONE_2017 "PC" VB #</Process><Process ToolSource="c:\program files (x86)\arcgis\desktop10.5\ArcToolbox\Toolboxes\Data Management Tools.tbx\CalculateField" Date="20171129" Time="101404">CalculateField "SP_GP2016_Zon170412_Rev170921_Rev171128 (Set 4)" ZONE_2017 "PC" VB #</Process><Process ToolSource="c:\program files (x86)\arcgis\desktop10.5\ArcToolbox\Toolboxes\Data Management Tools.tbx\CalculateField" Date="20171129" Time="114816">CalculateField "SP_GP2016_Zon170412_Rev170921_Rev171128 (Set 4)" WCombDist "Comb Dist" VB #</Process><Process ToolSource="c:\program files (x86)\arcgis\desktop10.5\ArcToolbox\Toolboxes\Data Management Tools.tbx\CalculateField" Date="20180305" Time="101445">CalculateField "SP_GP2016_Zon170412_Rev170921_Rev171128 (Set 4)" DRAFTZone "ROW" VB #</Process><Process ToolSource="c:\program files (x86)\arcgis\desktop10.5\ArcToolbox\Toolboxes\Data Management Tools.tbx\CalculateField" Date="20180305" Time="101524">CalculateField "SP_GP2016_Zon170412_Rev170921_Rev171128 (Set 4)" DRAFTZone "R2" VB #</Process><Process ToolSource="c:\program files (x86)\arcgis\desktop10.5\ArcToolbox\Toolboxes\Data Management Tools.tbx\CalculateField" Date="20180305" Time="101557">CalculateField "SP_GP2016_Zon170412_Rev170921_Rev171128 (Set 4)" DRAFTZone "R3" VB #</Process><Process ToolSource="c:\program files (x86)\arcgis\desktop10.5\ArcToolbox\Toolboxes\Data Management Tools.tbx\CalculateField" Date="20180305" Time="101624">CalculateField "SP_GP2016_Zon170412_Rev170921_Rev171128 (Set 4)" DRAFTZone "R4" VB #</Process><Process ToolSource="c:\program files (x86)\arcgis\desktop10.5\ArcToolbox\Toolboxes\Data Management Tools.tbx\CalculateField" Date="20180305" Time="101713">CalculateField "SP_GP2016_Zon170412_Rev170921_Rev171128 (Set 4)" DRAFTZone "R6" VB #</Process><Process ToolSource="c:\program files (x86)\arcgis\desktop10.5\ArcToolbox\Toolboxes\Data Management Tools.tbx\CalculateField" Date="20180305" Time="101801">CalculateField "SP_GP2016_Zon170412_Rev170921_Rev171128 (Set 4)" DRAFTZone "R7" VB #</Process><Process ToolSource="c:\program files (x86)\arcgis\desktop10.5\ArcToolbox\Toolboxes\Data Management Tools.tbx\CalculateField" Date="20180305" Time="101940">CalculateField "SP_GP2016_Zon170412_Rev170921_Rev171128 (Set 4)" DRAFTZone "CG" VB #</Process><Process ToolSource="c:\program files (x86)\arcgis\desktop10.5\ArcToolbox\Toolboxes\Data Management Tools.tbx\CalculateField" Date="20180305" Time="102010">CalculateField "SP_GP2016_Zon170412_Rev170921_Rev171128 (Set 4)" DRAFTZone "OLM" VB #</Process><Process ToolSource="c:\program files (x86)\arcgis\desktop10.5\ArcToolbox\Toolboxes\Data Management Tools.tbx\CalculateField" Date="20180305" Time="104848">CalculateField "SP_GP2016_Zon170412_Rev170921_Rev171128 (Set 4)" DRAFT_CHNG "X" VB #</Process><Process ToolSource="c:\program files (x86)\arcgis\desktop10.5\ArcToolbox\Toolboxes\Data Management Tools.tbx\CalculateField" Date="20180305" Time="104944">CalculateField "SP_GP2016_Zon170412_Rev170921_Rev171128 (Set 4)" DRAFTZone "R4" VB #</Process><Process ToolSource="c:\program files (x86)\arcgis\desktop10.5\ArcToolbox\Toolboxes\Data Management Tools.tbx\CalculateField" Date="20180305" Time="105044">CalculateField "SP_GP2016_Zon170412_Rev170921_Rev171128 (Set 4)" DRAFT_CHNG "X" VB #</Process><Process ToolSource="c:\program files (x86)\arcgis\desktop10.5\ArcToolbox\Toolboxes\Data Management Tools.tbx\CalculateField" Date="20180305" Time="105053">CalculateField "SP_GP2016_Zon170412_Rev170921_Rev171128 (Set 4)" DRAFTZone "R4" VB #</Process><Process ToolSource="c:\program files (x86)\arcgis\desktop10.5\ArcToolbox\Toolboxes\Data Management Tools.tbx\CalculateField" Date="20180305" Time="105138">CalculateField "SP_GP2016_Zon170412_Rev170921_Rev171128 (Set 4)" DRAFT_CHNG "X" VB #</Process><Process ToolSource="c:\program files (x86)\arcgis\desktop10.5\ArcToolbox\Toolboxes\Data Management Tools.tbx\CalculateField" Date="20180305" Time="105152">CalculateField "SP_GP2016_Zon170412_Rev170921_Rev171128 (Set 4)" DRAFTZone "R4" VB #</Process><Process ToolSource="c:\program files (x86)\arcgis\desktop10.5\ArcToolbox\Toolboxes\Data Management Tools.tbx\CalculateField" Date="20180305" Time="105224">CalculateField "SP_GP2016_Zon170412_Rev170921_Rev171128 (Set 4)" DRAFT_CHNG "X" VB #</Process><Process ToolSource="c:\program files (x86)\arcgis\desktop10.5\ArcToolbox\Toolboxes\Data Management Tools.tbx\CalculateField" Date="20180305" Time="105239">CalculateField "SP_GP2016_Zon170412_Rev170921_Rev171128 (Set 4)" DRAFTZone "R5" VB #</Process><Process ToolSource="c:\program files (x86)\arcgis\desktop10.5\ArcToolbox\Toolboxes\Data Management Tools.tbx\CalculateField" Date="20180305" Time="105507">CalculateField "SP_GP2016_Zon170412_Rev170921_Rev171128 (Set 4)" DRAFT_CHNG "X" VB #</Process><Process ToolSource="c:\program files (x86)\arcgis\desktop10.5\ArcToolbox\Toolboxes\Data Management Tools.tbx\CalculateField" Date="20180305" Time="105519">CalculateField "SP_GP2016_Zon170412_Rev170921_Rev171128 (Set 4)" DRAFTZone "R5" VB #</Process><Process ToolSource="c:\program files (x86)\arcgis\desktop10.5\ArcToolbox\Toolboxes\Data Management Tools.tbx\CalculateField" Date="20180305" Time="105815">CalculateField "SP_GP2016_Zon170412_Rev170921_Rev171128  DRAFT 180305" DRAFTZone [ZONE_MapA] VB #</Process><Process ToolSource="c:\program files (x86)\arcgis\desktop10.5\ArcToolbox\Toolboxes\Data Management Tools.tbx\CalculateField" Date="20180305" Time="110853">CalculateField "SP_GP2016_Zon170412_Rev170921_Rev171128  DRAFT 180305" DRAFTZone "CO" VB #</Process><Process ToolSource="c:\program files (x86)\arcgis\desktop10.5\ArcToolbox\Toolboxes\Data Management Tools.tbx\CalculateField" Date="20180329" Time="131200">CalculateField "SP_GP2016_Zon170412_Rev170921_Rev171128  DRAFT 180305" DRAFTZone "R4" VB #</Process><Process ToolSource="c:\program files (x86)\arcgis\desktop10.5\ArcToolbox\Toolboxes\Data Management Tools.tbx\CalculateField" Date="20180329" Time="131213">CalculateField "SP_GP2016_Zon170412_Rev170921_Rev171128  DRAFT 180305" DRAFT_CHNG "130329" VB #</Process><Process ToolSource="c:\program files (x86)\arcgis\desktop10.5\ArcToolbox\Toolboxes\Data Management Tools.tbx\CalculateField" Date="20180329" Time="131338">CalculateField "SP_GP2016_Zon170412_Rev170921_Rev171128  DRAFT 180305" DRAFTZone "OS" VB #</Process><Process ToolSource="c:\program files (x86)\arcgis\desktop10.5\ArcToolbox\Toolboxes\Data Management Tools.tbx\CalculateField" Date="20180329" Time="131349">CalculateField "SP_GP2016_Zon170412_Rev170921_Rev171128  DRAFT 180305" DRAFT_CHNG "180329" VB #</Process><Process ToolSource="c:\program files (x86)\arcgis\desktop10.5\ArcToolbox\Toolboxes\Data Management Tools.tbx\CalculateField" Date="20180402" Time="161042">CalculateField "SP_GP2016_Zon170412_Rev170921_Rev171128  DRAFT 180305" JURIS "CITY" VB #</Process><Process ToolSource="c:\program files (x86)\arcgis\desktop10.5\ArcToolbox\Toolboxes\Data Management Tools.tbx\CalculateField" Date="20180402" Time="161128">CalculateField "SP_GP2016_Zon170412_Rev170921_Rev171128  DRAFT 180305" JURIS "City" VB #</Process><Process ToolSource="c:\program files (x86)\arcgis\desktop10.5\ArcToolbox\Toolboxes\Data Management Tools.tbx\CalculateField" Date="20180402" Time="161937">CalculateField "SP_GP2016_Zon170412_Rev170921_Rev171128  DRAFT 180305" JURIS "SOI/UGB" VB #</Process><Process ToolSource="c:\program files (x86)\arcgis\desktop10.5\ArcToolbox\Toolboxes\Data Management Tools.tbx\CalculateField" Date="20180416" Time="104037">CalculateField "USE THESE PARCELS" SUBSTANTIV 1 VB #</Process><Process ToolSource="c:\program files (x86)\arcgis\desktop10.5\ArcToolbox\Toolboxes\Data Management Tools.tbx\CalculateField" Date="20180416" Time="104300">CalculateField "USE THESE PARCELS" SUBSTANTIV 0 VB #</Process><Process ToolSource="c:\program files (x86)\arcgis\desktop10.5\ArcToolbox\Toolboxes\Data Management Tools.tbx\CalculateField" Date="20180416" Time="104423">CalculateField "USE THESE PARCELS" SUBSTANTIV 0 VB #</Process><Process ToolSource="c:\program files (x86)\arcgis\desktop10.5\ArcToolbox\Toolboxes\Data Management Tools.tbx\CalculateField" Date="20180416" Time="104745">CalculateField "USE THESE PARCELS" SUBSTANTIV 0 VB #</Process><Process ToolSource="c:\program files (x86)\arcgis\desktop10.5\ArcToolbox\Toolboxes\Data Management Tools.tbx\CalculateField" Date="20180416" Time="104852">CalculateField "USE THESE PARCELS" SUBSTANTIV 0 VB #</Process><Process ToolSource="c:\program files (x86)\arcgis\desktop10.5\ArcToolbox\Toolboxes\Data Management Tools.tbx\CalculateField" Date="20180416" Time="105014">CalculateField "USE THESE PARCELS" SUBSTANTIV 0 VB #</Process><Process ToolSource="c:\program files (x86)\arcgis\desktop10.5\ArcToolbox\Toolboxes\Data Management Tools.tbx\CalculateField" Date="20180416" Time="105105">CalculateField "USE THESE PARCELS" SUBSTANTIV 0 VB #</Process><Process ToolSource="c:\program files (x86)\arcgis\desktop10.5\ArcToolbox\Toolboxes\Data Management Tools.tbx\CalculateField" Date="20180416" Time="105707">CalculateField "USE THESE PARCELS" SUBSTANTIV 0 VB #</Process><Process ToolSource="c:\program files (x86)\arcgis\desktop10.5\ArcToolbox\Toolboxes\Data Management Tools.tbx\CalculateField" Date="20180416" Time="105733">CalculateField "USE THESE PARCELS" SUBSTANTIV 0 VB #</Process><Process ToolSource="c:\program files (x86)\arcgis\desktop10.5\ArcToolbox\Toolboxes\Data Management Tools.tbx\CalculateField" Date="20180416" Time="105810">CalculateField "USE THESE PARCELS" SUBSTANTIV 0 VB #</Process><Process ToolSource="c:\program files (x86)\arcgis\desktop10.5\ArcToolbox\Toolboxes\Data Management Tools.tbx\CalculateField" Date="20180416" Time="105944">CalculateField "USE THESE PARCELS" SUBSTANTIV 0 VB #</Process><Process ToolSource="c:\program files (x86)\arcgis\desktop10.5\ArcToolbox\Toolboxes\Data Management Tools.tbx\CalculateField" Date="20181009" Time="102543">CalculateField "SP_GP2016_Zon170412_Rev170921_Rev171128  DRAFT 180305 In MAP" DRAFTZone "R4" VB #</Process><Process ToolSource="c:\program files (x86)\arcgis\desktop10.5\ArcToolbox\Toolboxes\Data Management Tools.tbx\CalculateField" Date="20181009" Time="104103">CalculateField "SP_GP2016_Zon170412_Rev170921_Rev171128  DRAFT 180305 In MAP" DRAFTZone "R4" VB #</Process><Process ToolSource="c:\program files (x86)\arcgis\desktop10.5\ArcToolbox\Toolboxes\Data Management Tools.tbx\CalculateField" Date="20181205" Time="165832">CalculateField SP_GP2016_Zon170412_Rev170921_Rev171128 ASMT9 Left( [Asmt],9 ) VB #</Process><Process ToolSource="c:\program files (x86)\arcgis\desktop10.5\ArcToolbox\Toolboxes\Data Management Tools.tbx\CalculateField" Date="20190102" Time="090311">CalculateField "SP_GP2016_Zon170412_Rev170921_Rev171128  DRAFT 180305 In MAP" WCombDist "Comb Dist" VB #</Process><Process ToolSource="c:\program files (x86)\arcgis\desktop10.5\ArcToolbox\Toolboxes\Data Management Tools.tbx\CalculateField" Date="20190102" Time="090419">CalculateField "SP_GP2016_Zon170412_Rev170921_Rev171128  DRAFT 180305 In MAP" WCombDist "Comb Dist (Partial)" VB #</Process><Process ToolSource="c:\program files (x86)\arcgis\desktop10.5\ArcToolbox\Toolboxes\Data Management Tools.tbx\CalculateField" Date="20190102" Time="090432">CalculateField "SP_GP2016_Zon170412_Rev170921_Rev171128  DRAFT 180305 In MAP" WCombDist "Comb Dist" VB #</Process><Process ToolSource="c:\program files (x86)\arcgis\desktop10.6\ArcToolbox\Toolboxes\Data Management Tools.tbx\Dissolve" Date="20190108" Time="145338">Dissolve SebastopolParcels_GPandZoning F:\Temp\Sebastopol_GDB.gdb\Zoning DRAFTZone # SINGLE_PART DISSOLVE_LINES</Process><Process ToolSource="c:\program files (x86)\arcgis\desktop10.6\ArcToolbox\Toolboxes\Data Management Tools.tbx\CalculateField" Date="20190108" Time="150402">CalculateField Zoning Zone [DRAFTZone] VB #</Process><Process ToolSource="c:\program files (x86)\arcgis\desktop10.6\ArcToolbox\Toolboxes\Data Management Tools.tbx\CalculateField" Date="20190108" Time="153115">CalculateField Zoning ZONE_Desc "Single Family Residential" VB #</Process><Process ToolSource="c:\program files (x86)\arcgis\desktop10.6\ArcToolbox\Toolboxes\Data Management Tools.tbx\CalculateField" Date="20190108" Time="153201">CalculateField Zoning ZONE_Desc "Residential Mobile Home Park" VB #</Process><Process ToolSource="c:\program files (x86)\arcgis\desktop10.6\ArcToolbox\Toolboxes\Data Management Tools.tbx\CalculateField" Date="20190108" Time="153317">CalculateField Zoning ZONE_Desc "Single Family and Multifamily Residential" VB #</Process><Process ToolSource="c:\program files (x86)\arcgis\desktop10.6\ArcToolbox\Toolboxes\Data Management Tools.tbx\CalculateField" Date="20190108" Time="153348">CalculateField Zoning ZONE_Desc "Multifamily Residential" VB #</Process><Process ToolSource="c:\program files (x86)\arcgis\desktop10.6\ArcToolbox\Toolboxes\Data Management Tools.tbx\CalculateField" Date="20190108" Time="153435">CalculateField Zoning ZONE_Desc "Primary Wetland Districtl" VB #</Process><Process ToolSource="c:\program files (x86)\arcgis\desktop10.6\ArcToolbox\Toolboxes\Data Management Tools.tbx\CalculateField" Date="20190108" Time="154632">CalculateField Zoning ZONE_Desc "Open Space" VB #</Process><Process ToolSource="c:\program files (x86)\arcgis\desktop10.6\ArcToolbox\Toolboxes\Data Management Tools.tbx\CalculateField" Date="20190108" Time="154709">CalculateField Zoning ZONE_Desc "Office/Light Industrial" VB #</Process><Process ToolSource="c:\program files (x86)\arcgis\desktop10.6\ArcToolbox\Toolboxes\Data Management Tools.tbx\CalculateField" Date="20190108" Time="154821">CalculateField Zoning ZONE_Desc "Primary Wetland District" VB #</Process><Process ToolSource="c:\program files (x86)\arcgis\desktop10.6\ArcToolbox\Toolboxes\Data Management Tools.tbx\CalculateField" Date="20190109" Time="160138">CalculateField S_Zoning ZONE_Desc "Office" VB #</Process><Process ToolSource="c:\program files (x86)\arcgis\desktop10.6\ArcToolbox\Toolboxes\Data Management Tools.tbx\CalculateField" Date="20190109" Time="160226">CalculateField S_Zoning ZONE_Desc "Office Commercial" VB #</Process><Process ToolSource="c:\program files (x86)\arcgis\desktop10.6\ArcToolbox\Toolboxes\Data Management Tools.tbx\CalculateField" Date="20200827" Time="001922">CalculateField Sebastopol_zoning Zoning 1 VB #</Process><Process ToolSource="c:\program files (x86)\arcgis\desktop10.6\ArcToolbox\Toolboxes\Data Management Tools.tbx\CalculateField" Date="20200827" Time="001937">CalculateField Sebastopol_zoning Zoning 2 VB #</Process><Process ToolSource="c:\program files (x86)\arcgis\desktop10.6\ArcToolbox\Toolboxes\Data Management Tools.tbx\CalculateField" Date="20200827" Time="003419">CalculateField Sebastopol_zoning Zoning 2 VB #</Process><Process ToolSource="c:\program files (x86)\arcgis\desktop10.6\ArcToolbox\Toolboxes\Data Management Tools.tbx\CalculateField" Date="20200827" Time="003455">CalculateField Sebastopol_zoning Zoning 1 VB #</Process><Process ToolSource="c:\program files (x86)\arcgis\desktop10.6\ArcToolbox\Toolboxes\Data Management Tools.tbx\CalculateField" Date="20200827" Time="003822">CalculateField Sebastopol_zoning Zoning 2 VB #</Process><Process ToolSource="c:\program files (x86)\arcgis\desktop10.6\ArcToolbox\Toolboxes\Data Management Tools.tbx\CalculateField" Date="20200827" Time="004003">CalculateField Sebastopol_zoning Zoning 2 VB #</Process><Process ToolSource="c:\program files (x86)\arcgis\desktop10.6\ArcToolbox\Toolboxes\Data Management Tools.tbx\CalculateField" Date="20200827" Time="004042">CalculateField Sebastopol_zoning Zoning 2 VB #</Process><Process ToolSource="c:\program files (x86)\arcgis\desktop10.6\ArcToolbox\Toolboxes\Data Management Tools.tbx\CalculateField" Date="20200827" Time="004319">CalculateField Sebastopol_zoning Zoning 2 VB #</Process><Process ToolSource="c:\program files (x86)\arcgis\desktop10.6\ArcToolbox\Toolboxes\Data Management Tools.tbx\CalculateField" Date="20200827" Time="004542">CalculateField Sebastopol_zoning Zoning 2 VB #</Process><Process ToolSource="c:\program files (x86)\arcgis\desktop10.6\ArcToolbox\Toolboxes\Data Management Tools.tbx\CalculateField" Date="20200827" Time="004612">CalculateField Sebastopol_zoning Zoning 2 VB #</Process><Process ToolSource="c:\program files (x86)\arcgis\desktop10.6\ArcToolbox\Toolboxes\Data Management Tools.tbx\CalculateField" Date="20200827" Time="004747">CalculateField Sebastopol_zoning Zoning 2 VB #</Process><Process ToolSource="c:\program files (x86)\arcgis\desktop10.6\ArcToolbox\Toolboxes\Data Management Tools.tbx\CalculateField" Date="20200827" Time="004835">CalculateField Sebastopol_zoning Zoning 2 VB #</Process><Process ToolSource="c:\program files (x86)\arcgis\desktop10.6\ArcToolbox\Toolboxes\Data Management Tools.tbx\CalculateField" Date="20200827" Time="005340">CalculateField Sebastopol_zoning Zoning 2 VB #</Process><Process ToolSource="c:\program files (x86)\arcgis\desktop10.6\ArcToolbox\Toolboxes\Data Management Tools.tbx\CalculateField" Date="20200827" Time="005512">CalculateField Sebastopol_zoning Zoning 1 VB #</Process><Process ToolSource="c:\program files (x86)\arcgis\desktop10.6\ArcToolbox\Toolboxes\Data Management Tools.tbx\CalculateField" Date="20200827" Time="005630">CalculateField Sebastopol_zoning Zoning 2 VB #</Process><Process ToolSource="c:\program files (x86)\arcgis\desktop10.6\ArcToolbox\Toolboxes\Data Management Tools.tbx\CalculateField" Date="20200827" Time="005734">CalculateField Sebastopol_zoning Zoning 2 VB #</Process><Process ToolSource="c:\program files (x86)\arcgis\desktop10.6\ArcToolbox\Toolboxes\Data Management Tools.tbx\CalculateField" Date="20200827" Time="005820">CalculateField Sebastopol_zoning Zoning 2 VB #</Process><Process ToolSource="c:\program files (x86)\arcgis\desktop10.6\ArcToolbox\Toolboxes\Data Management Tools.tbx\CalculateField" Date="20200827" Time="005905">CalculateField Sebastopol_zoning Zoning 1 VB #</Process><Process ToolSource="c:\program files (x86)\arcgis\desktop10.6\ArcToolbox\Toolboxes\Data Management Tools.tbx\CalculateField" Date="20200827" Time="010020">CalculateField Sebastopol_zoning Zoning 2 VB #</Process><Process ToolSource="c:\program files (x86)\arcgis\desktop10.6\ArcToolbox\Toolboxes\Data Management Tools.tbx\CalculateField" Date="20200827" Time="010148">CalculateField Sebastopol_zoning Zoning 2 VB #</Process><Process ToolSource="c:\program files (x86)\arcgis\desktop10.6\ArcToolbox\Toolboxes\Data Management Tools.tbx\CalculateField" Date="20200827" Time="010255">CalculateField Sebastopol_zoning Zoning 2 VB #</Process><Process ToolSource="c:\program files (x86)\arcgis\desktop10.6\ArcToolbox\Toolboxes\Data Management Tools.tbx\CalculateField" Date="20200827" Time="010457">CalculateField Sebastopol_zoning Zoning 2 VB #</Process><Process ToolSource="c:\program files (x86)\arcgis\desktop10.6\ArcToolbox\Toolboxes\Data Management Tools.tbx\CalculateField" Date="20200827" Time="010556">CalculateField Sebastopol_zoning Zoning 2 VB #</Process><Process ToolSource="c:\program files (x86)\arcgis\desktop10.6\ArcToolbox\Toolboxes\Data Management Tools.tbx\CalculateField" Date="20200827" Time="010811">CalculateField Sebastopol_zoning Zoning 1 VB #</Process></lineage><itemProps><itemLocation><linkage Sync="TRUE">file://\\IT-PC11038\F$\Temp\S_Zoning_1.shp</linkage><protocol Sync="TRUE">Local Area Network</protocol></itemLocation><itemName Sync="TRUE">S_Zoning_1</itemName><imsContentType Sync="TRUE">002</imsContentType><itemSize Sync="TRUE">0.000</itemSize></itemProps><coordRef><type Sync="TRUE">Projected</type><geogcsn Sync="TRUE">GCS_North_American_1983</geogcsn><csUnits Sync="TRUE">Linear Unit: Foot_US (0.304801)</csUnits><projcsn Sync="TRUE">NAD_1983_StatePlane_California_II_FIPS_0402_Feet</projcsn><peXml Sync="TRUE">&lt;ProjectedCoordinateSystem xsi:type='typens:ProjectedCoordinateSystem' xmlns:xsi='http://www.w3.org/2001/XMLSchema-instance' xmlns:xs='http://www.w3.org/2001/XMLSchema' xmlns:typens='http://www.esri.com/schemas/ArcGIS/10.6'&gt;&lt;WKT&gt;PROJCS[&amp;quot;NAD_1983_StatePlane_California_II_FIPS_0402_Feet&amp;quot;,GEOGCS[&amp;quot;GCS_North_American_1983&amp;quot;,DATUM[&amp;quot;D_North_American_1983&amp;quot;,SPHEROID[&amp;quot;GRS_1980&amp;quot;,6378137.0,298.257222101]],PRIMEM[&amp;quot;Greenwich&amp;quot;,0.0],UNIT[&amp;quot;Degree&amp;quot;,0.0174532925199433]],PROJECTION[&amp;quot;Lambert_Conformal_Conic&amp;quot;],PARAMETER[&amp;quot;False_Easting&amp;quot;,6561666.666666666],PARAMETER[&amp;quot;False_Northing&amp;quot;,1640416.666666667],PARAMETER[&amp;quot;Central_Meridian&amp;quot;,-122.0],PARAMETER[&amp;quot;Standard_Parallel_1&amp;quot;,38.33333333333334],PARAMETER[&amp;quot;Standard_Parallel_2&amp;quot;,39.83333333333334],PARAMETER[&amp;quot;Latitude_Of_Origin&amp;quot;,37.66666666666666],UNIT[&amp;quot;Foot_US&amp;quot;,0.3048006096012192],AUTHORITY[&amp;quot;EPSG&amp;quot;,2226]]&lt;/WKT&gt;&lt;XOrigin&gt;-115211800&lt;/XOrigin&gt;&lt;YOrigin&gt;-93821500&lt;/YOrigin&gt;&lt;XYScale&gt;36983428.057351544&lt;/XYScale&gt;&lt;ZOrigin&gt;-100000&lt;/ZOrigin&gt;&lt;ZScale&gt;10000&lt;/ZScale&gt;&lt;MOrigin&gt;-100000&lt;/MOrigin&gt;&lt;MScale&gt;10000&lt;/MScale&gt;&lt;XYTolerance&gt;0.0032808333333333331&lt;/XYTolerance&gt;&lt;ZTolerance&gt;0.001&lt;/ZTolerance&gt;&lt;MTolerance&gt;0.001&lt;/MTolerance&gt;&lt;HighPrecision&gt;true&lt;/HighPrecision&gt;&lt;WKID&gt;102642&lt;/WKID&gt;&lt;LatestWKID&gt;2226&lt;/LatestWKID&gt;&lt;/ProjectedCoordinateSystem&gt;</peXml></coordRef></DataProperties><SyncDate>20190517</SyncDate><SyncTime>14112800</SyncTime><ModDate>20190517</ModDate><ModTime>14112800</ModTime></Esri><dataIdInfo><envirDesc Sync="TRUE">Microsoft Windows 7 Version 6.1 (Build 7601) Service Pack 1; Esri ArcGIS 10.6.1.9270</envirDesc><dataLang><languageCode value="eng" Sync="TRUE"></languageCode><countryCode value="USA" Sync="TRUE"></countryCode></dataLang><idCitation><resTitle Sync="TRUE">S_Zoning_1</resTitle><presForm><PresFormCd value="005" Sync="TRUE"></PresFormCd></presForm></idCitation><spatRpType><SpatRepTypCd value="001" Sync="TRUE"></SpatRepTypCd></spatRpType></dataIdInfo><mdLang><languageCode value="eng" Sync="TRUE"></languageCode><countryCode value="USA" Sync="TRUE"></countryCode></mdLang><distInfo><distFormat><formatName Sync="TRUE">Shapefile</formatName></distFormat><distTranOps><transSize Sync="TRUE">0.000</transSize></distTranOps></distInfo><mdHrLv><ScopeCd value="005" Sync="TRUE"></ScopeCd></mdHrLv><mdHrLvName Sync="TRUE">dataset</mdHrLvName><refSysInfo><RefSystem><refSysID><identCode code="2226" Sync="TRUE"></identCode><idCodeSpace Sync="TRUE">EPSG</idCodeSpace><idVersion Sync="TRUE">5.3(9.0.0)</idVersion></refSysID></RefSystem></refSysInfo><spatRepInfo><VectSpatRep><geometObjs Name="S_Zoning_1"><geoObjTyp><GeoObjTypCd value="002" Sync="TRUE"></GeoObjTypCd></geoObjTyp><geoObjCnt Sync="TRUE">0</geoObjCnt></geometObjs><topLvl><TopoLevCd value="001" Sync="TRUE"></TopoLevCd></topLvl></VectSpatRep></spatRepInfo><spdoinfo><ptvctinf><esriterm Name="S_Zoning_1"><efeatyp Sync="TRUE">Simple</efeatyp><efeageom code="4" Sync="TRUE"></efeageom><esritopo Sync="TRUE">FALSE</esritopo><efeacnt Sync="TRUE">0</efeacnt><spindex Sync="TRUE">FALSE</spindex><linrefer Sync="TRUE">FALSE</linrefer></esriterm></ptvctinf></spdoinfo><eainfo><detailed Name="S_Zoning_1"><enttyp><enttypl Sync="TRUE">S_Zoning_1</enttypl><enttypt Sync="TRUE">Feature Class</enttypt><enttypc Sync="TRUE">0</enttypc></enttyp><attr><attrlabl Sync="TRUE">FID</attrlabl><attalias Sync="TRUE">FID</attalias><attrtype Sync="TRUE">OID</attrtype><attwidth Sync="TRUE">4</attwidth><atprecis Sync="TRUE">0</atprecis><attscale Sync="TRUE">0</attscale><attrdef Sync="TRUE">Internal feature number.</attrdef><attrdefs Sync="TRUE">Esri</attrdefs><attrdomv><udom Sync="TRUE">Sequential unique whole numbers that are automatically generated.</udom></attrdomv></attr><attr><attrlabl Sync="TRUE">Shape</attrlabl><attalias Sync="TRUE">Shape</attalias><attrtype Sync="TRUE">Geometry</attrtype><attwidth Sync="TRUE">0</attwidth><atprecis Sync="TRUE">0</atprecis><attscale Sync="TRUE">0</attscale><attrdef Sync="TRUE">Feature geometry.</attrdef><attrdefs Sync="TRUE">Esri</attrdefs><attrdomv><udom Sync="TRUE">Coordinates defining the features.</udom></attrdomv></attr><attr><attrlabl Sync="TRUE">Zone</attrlabl><attalias Sync="TRUE">Zone</attalias><attrtype Sync="TRUE">String</attrtype><attwidth Sync="TRUE">10</attwidth><atprecis Sync="TRUE">0</atprecis><attscale Sync="TRUE">0</attscale></attr><attr><attrlabl Sync="TRUE">ZONE_Desc</attrlabl><attalias Sync="TRUE">ZONE_Desc</attalias><attrtype Sync="TRUE">String</attrtype><attwidth Sync="TRUE">50</attwidth><atprecis Sync="TRUE">0</atprecis><attscale Sync="TRUE">0</attscale></attr><attr><attrlabl Sync="TRUE">Shape_Leng</attrlabl><attalias Sync="TRUE">Shape_Leng</attalias><attrtype Sync="TRUE">Double</attrtype><attwidth Sync="TRUE">19</attwidth><atprecis Sync="TRUE">0</atprecis><attscale Sync="TRUE">0</attscale></attr><attr><attrlabl Sync="TRUE">Shape_Area</attrlabl><attalias Sync="TRUE">Shape_Area</attalias><attrtype Sync="TRUE">Double</attrtype><attwidth Sync="TRUE">19</attwidth><atprecis Sync="TRUE">0</atprecis><attscale Sync="TRUE">0</attscale><attrdef Sync="TRUE">Area of feature in internal units squared.</attrdef><attrdefs Sync="TRUE">Esri</attrdefs><attrdomv><udom Sync="TRUE">Positive real numbers that are automatically generated.</udom></attrdomv></attr></detailed></eainfo><mdDateSt Sync="TRUE">20190517</mdDateSt></metadata>
